id,city,city_amount,city_index,plot,industry,industry_simple,industry_amount,industry_index,pollution,day,transfer,transfer_money,future_use,future_use_simple,future_use_rank,zeren_class,zeren,repair_way,repair_money,repair_stage,public,complete,address,zhong,huifa,banhuifa,else,province
138,北京,7,6,北京大峪化工厂原址地块,化工,化工,64,0,砷,90,未出让,X,商住用地,商住用地,0,房地产开发商,中合联宇房地产开发有限公司,异位修复,100,未知,1,1,北京市门头沟区新桥南大街67号,T,F,F,F,北京市
166,成都,9,3,川化集团有限责任公司,化工,化工,64,1,其他污染物(氨/pH/二硫化碳/氰化物等),未开始,未出让,X,未知,未知,2,未知,未知,未知,未知,场地土壤环境评估中,,,四川省成都市青白江区,NA,NA,NA,NA,四川省
167,成都,9,4,邛崃市旭日化工有限责任公司,化工,化工,64,2,未知,未开始,未出让,X,未知,未知,2,未知,未知,未知,未知,场地土壤环境评估中,,,四川省成都市邛崃市,NA,NA,NA,NA,四川省
169,成都,9,6,原贵州水晶有机化工（集团）有限公司汞法醋酸车间,化工,化工,64,3,汞,未开始,未出让,X,未知,未知,2,未知,未知,未知,未知,场地土壤环境评估中,0,0,清镇市青龙村,T,F,F,F,四川省
152,重庆,17,6,重庆渝富兴南城市建设发展有限公司储备02号地块（含重庆市龙济化肥有限责任公司原址）,化工,化工,64,4,砷;铜;多环芳烃(苯并芘/苯并蒽/苯并萘等);总石油烃(总石油烃/苯/甲苯/萘等）,365,未出让,,商住用地,商住用地,0,原场地使用者,重庆渝富兴南城市建设发展有限公司,异位修复,未知,正在修复,1,0,,T,T,T,F,重庆市
162,重庆,17,16,重庆新华化工有限公司、重庆市万利来化工股份有限公司原址,化工,化工,64,5,汞;总石油烃(总石油烃/苯/甲苯/萘等）;砷,270,未知,X,未知,未知,2,国资委下属资产管理企业,重庆市潼南水务（集团）有限公司,异位修复,4800,准备修复,1,0,,T,T,F,F,重庆市
41,广州,10,3,广州制漆厂地块,化工,化工,64,6,其他挥发性有机物(氯仿/三氯乙烯/三氯甲烷/氟化物等);总石油烃(总石油烃/苯/甲苯/萘等）;铬(总铬和六价铬);其他半挥发性有机物(苯酚/苯胺/多氯联苯）,150,未出让,X,商住用地,商住用地,0,原场地使用者,广州珠江化工集团有限公司,异位修复,6288,正在修复,1,1,广州市荔湾区芳村大道东路东塱新爵后街2号,T,T,T,F,广东省
42,广州,10,4,黄埔化工厂地块,化工,化工,64,7,铬(总铬和六价铬);总石油烃(总石油烃/苯/甲苯/萘等）;铜;锌;砷;汞;其他挥发性有机物(氯仿/三氯乙烯/三氯甲烷/氟化物等);铅;镍,330,未出让,X,商住用地,商住用地,0,原场地使用者,广州黄埔化工有限公司,原位修复；异位修复,4701,正在修复,1,1,广州市黄埔区黄埔东路2009号,T,T,F,F,广东省
45,广州,10,7,百花香料地块,化工,化工,64,8,总石油烃(总石油烃/苯/甲苯/萘等）;其他挥发性有机物(氯仿/三氯乙烯/三氯甲烷/氟化物等);多环芳烃(苯并芘/苯并蒽/苯并萘等),140,已出让,20.1,商住用地,商住用地,0,未知,广州百花香料公司,未知,4296.34,已修复,,,广州市荔湾区百花路111号,F,T,T,F,广东省
65,哈尔滨,1,0,哈尔滨龙江特种装备有限公司场地,化工,化工,64,9,砷;铅;铬(总铬和六价铬);其他污染物(氨/pH/二硫化碳/氰化物等);多环芳烃(苯并芘/苯并蒽/苯并萘等);其他重金属(镉/锑/鎶/铍/钡/锰),未知,未出让,X,未知,未知,2,政府,哈尔滨市道外区城乡建设局,未知,1800,已完成场地土壤环境评估,1,0,,T,F,T,T,黑龙江省
1,杭州,9,0,杭州市红星化工厂,化工,化工,64,10,铬(总铬和六价铬),270,未出让,X,商住用地、绿地、公共设施,商住综合,1,政府,杭州市望江地区改造建设指挥部,原位修复；异位修复,12000,准备修复,1,1,上城区秋涛路西侧,T,F,F,F,浙江省
3,杭州,9,2,杭州庆丰农化有限公司,化工,化工,64,11,其他半挥发性有机物(苯酚/苯胺/多氯联苯）;其他挥发性有机物(氯仿/三氯乙烯/三氯甲烷/氟化物等);有机农药(六六六/滴滴涕等);多环芳烃(苯并芘/苯并蒽/苯并萘等);砷,未知,已出让,12.2,商住用地,商住用地,0,国资委下属资产管理企业,杭州市工业资产经营投资集团,原地异位修复,20000,已修复,0,0,杭州市江干区红十五路，机场路,T,T,T,F,浙江省
7,杭州,9,6,杭州南郊化学有限公司,化工,化工,64,12,砷;其他挥发性有机物(氯仿/三氯乙烯/三氯甲烷/氟化物等);其他污染物(氨/pH/二硫化碳/氰化物等);铬(总铬和六价铬);汞;多环芳烃(苯并芘/苯并蒽/苯并萘等);总石油烃(总石油烃/苯/甲苯/萘等）;镍,30,未出让,X,绿地,绿地,3,政府,杭州高新技术产业开发区（滨江）智慧新天地建设指挥部,原地异位修复,,准备修复,1,1,杭州市滨江区浦沿街道浦联村镇前路310号,T,T,T,T,浙江省
9,杭州,9,8,建德市白沙化工厂,化工,化工,64,13,总石油烃(总石油烃/苯/甲苯/萘等）;铜;铬(总铬和六价铬),30,未知,X,未知,未知,2,国资委下属资产管理企业,建德市桥南城市建设有限公司,异位修复,同上,正在修复,1,0,,T,T,F,F,浙江省
35,合肥,4,1,中盐安徽红四方股份有限公司,化工,化工,64,14,未知,未知,未出让,X,商住用地,商住用地,0,政府,合肥市土储中心,未知,未知,已完成场地土壤环境评估,,,安徽省合肥市蜀山区祁门路12号,NA,NA,NA,NA,安徽省
36,合肥,4,2,安徽氯碱化工有限公司,化工,化工,64,15,未知,未知,未出让,X,未知,未知,2,政府,合肥市产业投资控股(集团)有限公司、合肥市土储中心,未知,未知,已完成场地土壤环境评估,,,合肥市郎溪路10号,NA,NA,NA,NA,安徽省
85,济南,2,0,济南裕兴化工有限公司老厂区,化工,化工,64,16,铬(总铬和六价铬),未知,未出让,X,未知,未知,2,原场地使用者,济南裕兴化工有限责任公司,原位修复；异位修复,63000,已修复,1,0,天桥区清河北路五柳闸14号,T,F,F,F,山东省
99,昆明,2,0,云南红云氯碱有限公司生产区,化工,化工,64,17,砷;其他重金属(镉/锑/鎶/铍/钡/锰);汞,未知,未出让,X,未知,未知,2,未知,未知,未知,10000,正在修复,1,0,云南省安宁市连然街道办事处云南红云氯碱有限公司内,T,F,F,F,云南省
140,兰州,4,0,西固区大红沟红矾钠厂及其周边污染地块,化工,化工,64,18,铬(总铬和六价铬),480,未出让,X,未知,未知,2,政府,兰州市西固区环境保护局,异位修复,4996.21,未知,1,0,,T,F,F,F,甘肃省
142,兰州,4,2,永登县永青化工厂场地土壤污染地块,化工,化工,64,19,铬(总铬和六价铬),未知,未出让,X,未知,未知,2,政府,永登县上川镇人民政府,未知,300,未知,0,0,,T,F,F,F,甘肃省
25,南京,13,4,固碱厂地块,化工,化工,64,20,其他污染物(氨/pH/二硫化碳/氰化物等),未知,未出让,X,未知,未知,2,国资委下属资产管理企业,南京市燕子矶片区整治开发有限责任公司,未知,780.89,正在修复,,,南京市栖霞区和燕路与燕尧路交叉路口,F,F,F,T,江苏省
28,南京,13,7,原金陵化工厂地块,化工,化工,64,21,铅,53,已出让,2.79,商住用地,商住用地,0,房地产开发商,南京紫金富隆置业有限公司,异位修复,未知,已修复,1,1,南京市栖霞区迈皋桥合班村29号,T,F,F,F,江苏省
32,南京,13,11,南京国海生物工程有限公司地块,化工,化工,64,22,总石油烃(总石油烃/苯/甲苯/萘等）,未知,未出让,X,商住用地,商住用地,0,政府,南京新材料产业园管理委员会,未知,未知,正在修复,1,1,南京市六合区红山精细化工园,F,T,F,F,江苏省
33,南京,13,12,南京鑫沛化工有限公司地块,化工,化工,64,23,其他污染物(氨/pH/二硫化碳/氰化物等);总石油烃(总石油烃/苯/甲苯/萘等）;其他挥发性有机物(氯仿/三氯乙烯/三氯甲烷/氟化物等),未知,未出让,X,商住用地,商住用地,0,政府,南京新材料产业园管理委员会,未知,未知,正在修复,1,1,南京市六合区红山工业园 ,F,T,F,T,江苏省
172,南宁,1,0,南宁化工股份有限公司及南宁化工集团有限公司搬迁地块,化工,化工,64,24,其他挥发性有机物(氯仿/三氯乙烯/三氯甲烷/氟化物等);其他重金属(镉/锑/鎶/铍/钡/锰),180,未出让,X,商住用地,商住用地,0,原场地使用者,南宁化工集团,异位修复,20000,正在修复,1,1,南宁市江南区南建路26号,T,T,F,F,广西壮族自治区
75,上海,14,4,浦东新区世博A11-01地块,化工,化工,64,25,未知,未知,未出让,X,商住用地,商住用地,0,未知,未知,未知,未知,已修复,,,A11-01地块东接A11-02发展备用地，南至雪野路，西至高科西路，北至国展路,NA,NA,NA,NA,上海市
58,沈阳,8,1,沈阳味精厂西地块,化工,化工,64,26,有机农药(六六六/滴滴涕等);铜;多环芳烃(苯并芘/苯并蒽/苯并萘等);汞,101,已出让,5.5,商住用地、学校,商住综合,1,政府,沈阳市铁西区土地储备交易中心,异位修复,2634.47,已修复,0,0,,T,F,T,F,辽宁省
63,沈阳,8,6,沈阳化工厂POPs场地（原氯苯分厂）,化工,化工,64,27,其他污染物(氨/pH/二硫化碳/氰化物等),220,未出让,X,商住用地,商住用地,0,原场地使用者,沈阳化工股份有限公司,原地异位修复;异位修复,7526.4,场地土壤环境评估中,1,1,,F,F,,T,辽宁省
64,沈阳,8,7,原沈阳新城化工厂,化工,化工,64,28,铬(总铬和六价铬),未知,未出让,X,未知,未知,2,政府,沈阳市环境保护局沈北新区分局,未知,550,已完成场地土壤环境评估,0,0,,T,F,F,F,辽宁省
105,石家庄,10,4,藁城市化肥总厂,化工,化工,64,29,未知,未知,未出让,X,物流仓储,其他,5,房地产开发商,河北汇联物流股份有限公司,未知,未知,未知,,,石家庄市藁城区工业路39号,NA,NA,NA,NA,河北省
106,石家庄,10,5,石家庄双联化工有限责任公司（一期）地块污染场地修复工程,化工,化工,64,30,未知,未知,未出让,X,商住用地,商住用地,0,房地产开发商,石家庄联新房地产开发有限公司,未知,未知,正在修复,,,石家庄双联化工有限责任公司位于石家庄鹿泉区申后村,NA,NA,NA,NA,河北省
110,石家庄,10,9,河北元隆化工有限公司,化工,化工,64,31,其他挥发性有机物(氯仿/三氯乙烯/三氯甲烷/氟化物等);其他重金属(镉/锑/鎶/铍/钡/锰);其他半挥发性有机物(苯酚/苯胺/多氯联苯）,未知,未出让,X,商住用地,商住用地,0,原场地使用者,河北元隆化工有限公司,未知,未知,正在修复,1,0,河北省元氏县蟠龙路,T,T,T,F,河北省
87,太原,12,0,太化集团01地块,化工,化工,64,32,未知,未知,未出让,,商住用地,商住用地,0,原场地使用者,太原化工集团房地产有限公司,未知,未知,已修复,,,北起大井峪街，南至规划次干路，西起规划支路，东至西中环路,NA,NA,NA,NA,山西省
88,太原,12,1,太化集团002、003地块,化工,化工,64,33,未知,未知,未知,X,商住用地,商住用地,0,原场地使用者,太原化工集团房地产有限公司,未知,未知,已修复,,,,NA,NA,NA,NA,山西省
89,太原,12,2,太化集团004地块,化工,化工,64,34,未知,未知,已出让,9.36,商住用地,商住用地,0,原场地使用者,太原化工集团房地产有限公司,未知,未知,已修复,,,,NA,NA,NA,NA,山西省
90,太原,12,3,太化集团005地块,化工,化工,64,35,未知,未知,未出让,X,商住用地,商住用地,0,原场地使用者,太原化工集团房地产有限公司,未知,未知,准备修复,,,南中环以北、西中环以西、西峪街以南、神堂沟南路以东,NA,NA,NA,NA,山西省
91,太原,12,4,太化集团006地块,化工,化工,64,36,未知,未知,未出让,X,商住用地,商住用地,0,原场地使用者,太原化工集团房地产有限公司,未知,未知,准备修复,,,南中环以北、西中环以西、西峪街以南、神堂沟南路以东,NA,NA,NA,NA,山西省
92,太原,12,5,太原化学工业集团土地资源管理分公司太化氯碱011地块,化工,化工,64,37,未知,未知,未出让,X,商住用地,商住用地,0,原场地使用者,太原化工集团房地产有限公司,未知,1800,准备修复,,,太原市南中环以北，西中环以西,NA,NA,NA,NA,山西省
93,太原,12,6,太化集团妇幼迁建工程项目地块,化工,化工,64,38,未知,未知,未出让,X,公共设施,公共设施,6,未知,未知,未知,未知,已修复,,,,NA,NA,NA,NA,山西省
95,太原,12,8,蓝星化工责任有限公司地块,化工,化工,64,39,未知,未知,未出让,X,未知,未知,2,未知,未知,未知,未知,准备修复,,,,NA,NA,NA,NA,山西省
97,太原,12,10,冶峪河道路快速化改造及综合治理工程（蓝星化工有限责任公司后勤区地块和化兴化工部分区域地块）,化工,化工,64,40,未知,未知,未知,X,未知,未知,2,未知,未知,未知,未知,正在修复,,,X,NA,NA,NA,NA,山西省
111,天津,21,0,河北区奇伟日用化学有限公司地块,化工,化工,64,41,总石油烃(总石油烃/苯/甲苯/萘等）,未知,未出让,X,未知,未知,2,原场地使用者,奇伟日用化学（天津）有限公司,原位修复,638,正在修复,1,0,,F,T,F,F,天津市
120,天津,21,9,河西区郁江道（陈塘科技商务区）地块7号北侧地块,化工,化工,64,42,其他挥发性有机物(氯仿/三氯乙烯/三氯甲烷/氟化物等);砷,未知,未出让,X,商住用地,商住用地,0,政府,河西区土地整理中心,未知,未知,准备修复,1,1,东至崇岩东路，南至浩江道，西至内江路，北至规划郁江道,T,T,F,F,天津市
121,天津,21,10,河西区郁江道（陈塘科技商务区）地块7号南侧地块,化工,化工,64,43,总石油烃(总石油烃/苯/甲苯/萘等）,未知,未出让,X,商住用地,商住用地,0,政府,河西区土地整理中心,未知,未知,准备修复,1,1,东至崇岩东路，南至双海道，西至内江路，北至浩江北道,F,T,F,F,天津市
122,天津,21,11,河西区（陈塘科技商务区）7号北及7号南地块内西侧界外处理用地,化工,化工,64,44,多环芳烃(苯并芘/苯并蒽/苯并萘等),未知,未出让,X,商住用地,商住用地,0,政府,河西区土地整理中心,未知,未知,准备修复,1,1,东至7号地北侧及7号地南侧地块内，南至水文监测站，西至内江路，北至规划郁江道,F,F,T,F,天津市
124,天津,21,13,河西区洞庭路复兴九里南侧地块,化工,化工,64,45,总石油烃(总石油烃/苯/甲苯/萘等）;其他污染物(氨/pH/二硫化碳/氰化物等),未知,未出让,X,绿地,绿地,3,国资委下属资产管理企业,海河建设发展投资有限公司,异位修复,41000,准备修复,1,0,,F,T,F,T,天津市
126,天津,21,15,西青区化学试剂一厂地块,化工,化工,64,46,其他半挥发性有机物(苯酚/苯胺/多氯联苯）;总石油烃(总石油烃/苯/甲苯/萘等）;其他挥发性有机物(氯仿/三氯乙烯/三氯甲烷/氟化物等),810,未出让,X,商住用地,商住用地,0,未知,未知,未知,未知,准备修复,1,0,,F,T,T,F,天津市
127,天津,21,16,天津市化工危险品贸易储运公司原址,化工,化工,64,47,砷;有机农药(六六六/滴滴涕等);多环芳烃(苯并芘/苯并蒽/苯并萘等),未知,未出让,X,未知,未知,2,未知,未知,未知,未知,准备修复,,,,T,F,T,F,天津市
131,天津,21,20,河西区光大冰峰化工有限公司地块,化工,化工,64,48,总石油烃(总石油烃/苯/甲苯/萘等）,30,未出让,X,绿地,绿地,3,国资委下属资产管理企业,天津市地下铁道有限公司,未知,未知,准备修复,,,,F,T,F,F,天津市
173,乌鲁木齐,2,0,昊鑫锂盐厂,化工,化工,64,49,多环芳烃(苯并芘/苯并蒽/苯并萘等),未开始,未出让,X,未知,未知,2,原场地使用者,新疆昊鑫锂盐开发有限公司,未知,未知,场地土壤环境评估中,0,0,,F,F,T,F,新疆维吾尔自治区
10,武汉,11,0,原武汉染料厂场地,化工,化工,64,50,铅;汞;铬(总铬和六价铬);砷;其他重金属(镉/锑/鎶/铍/钡/锰),未知,未出让,X,未知,未知,2,国资委下属资产管理企业,武汉中央商务区投资控股集团有限公司,未知,18900,已修复,0,0,硚口区易家墩工农路239号,T,F,F,F,湖北省
12,武汉,11,2,原武汉力诺化学集团有限公司场地,化工,化工,64,51,其他重金属(镉/锑/鎶/铍/钡/锰);其他半挥发性有机物(苯酚/苯胺/多氯联苯）;其他污染物(氨/pH/二硫化碳/氰化物等);总石油烃(总石油烃/苯/甲苯/萘等）;其他挥发性有机物(氯仿/三氯乙烯/三氯甲烷/氟化物等),未知,已出让,同上,商住用地,商住用地,0,国资委下属资产管理企业,武汉市硚口国有资产经营有限公司,原位修复；异位修复；原地异位修复,同上,正在修复,1,0,硚口区古田老工业区，北起解放大道，东临古田二路，西靠古田一路，南抵古田路,T,T,T,T,湖北省
13,武汉,11,3,原武汉无机盐厂场地,化工,化工,64,52,其他重金属(镉/锑/鎶/铍/钡/锰);其他半挥发性有机物(苯酚/苯胺/多氯联苯）;其他污染物(氨/pH/二硫化碳/氰化物等);总石油烃(总石油烃/苯/甲苯/萘等）;其他挥发性有机物(氯仿/三氯乙烯/三氯甲烷/氟化物等),未知,已出让,同上,商住用地,商住用地,0,国资委下属资产管理企业,武汉市硚口国有资产经营有限公司,原位修复；异位修复；原地异位修复,同上,正在修复,1,0,硚口区古田老工业区，北起解放大道，东临古田二路，西靠古田一路，南抵古田路,T,T,T,T,湖北省
14,武汉,11,4,原武汉环宇化工有限公司场地,化工,化工,64,53,其他重金属(镉/锑/鎶/铍/钡/锰);其他半挥发性有机物(苯酚/苯胺/多氯联苯）;其他污染物(氨/pH/二硫化碳/氰化物等);总石油烃(总石油烃/苯/甲苯/萘等）;其他挥发性有机物(氯仿/三氯乙烯/三氯甲烷/氟化物等),未知,已出让,同上,商住用地,商住用地,0,国资委下属资产管理企业,武汉市硚口国有资产经营有限公司,原位修复；异位修复；原地异位修复,同上,正在修复,1,0,硚口区古田老工业区，北起解放大道，东临古田二路，西靠古田一路，南抵古田路,T,T,T,T,湖北省
16,武汉,11,6,原武汉农药厂,化工,化工,64,54,有机农药(六六六/滴滴涕等),1095,已出让,14.4,商住用地,商住用地,0,政府,武汉市环保、规划等多部门,异位修复；原位修复,28000,已修复,0,0,汉阳区琴台大道与京广铁路线交汇处,F,F,T,F,湖北省
18,武汉,11,8,原武汉青江化工股份有限公司场地,化工,化工,64,55,多环芳烃(苯并芘/苯并蒽/苯并萘等);其他重金属(镉/锑/鎶/铍/钡/锰);总石油烃(总石油烃/苯/甲苯/萘等）,365,已出让,15.3,商住用地,商住用地,0,政府和开发商共同承担,武汉和纵盛地产有限公司/市土地储备中心,未知,9900,准备修复,,,青山区临江大道862号,T,T,T,F,湖北省
19,武汉,11,9,原葛店化工厂场地,化工,化工,64,56,其他挥发性有机物(氯仿/三氯乙烯/三氯甲烷/氟化物等);有机农药(六六六/滴滴涕等);汞,730,未出让,X,工业用地,工业用地,5,房地产开发商,武汉光谷智造园开发投资有限公司,未知,49757,正在修复,,,东湖高新区左岭镇西北部,T,T,T,F,湖北省
66,西安,1,0,西安西化氯碱化工有限责任公司原厂址,化工,化工,64,57,其他半挥发性有机物(苯酚/苯胺/多氯联苯）;其他挥发性有机物(氯仿/三氯乙烯/三氯甲烷/氟化物等);有机农药(六六六/滴滴涕等),未知,未出让,X,商住用地,商住用地,0,未知,未知,未知,未知,已完成场地土壤环境评估,,,西安市雁塔区昆明路西段两侧，阿房路以东，汉城南路规划路以北,F,T,T,F,陕西省
144,西宁,2,0,原湟中鑫飞化工珞盐厂污染场地,化工,化工,64,58,铬(总铬和六价铬),360,未出让,X,未知,未知,2,国资委下属资产管理企业,西宁市湟水投资管理有限公司,未知,未知,未知,1,0,湟中县田家寨谢家村,T,F,F,F,宁夏回族自治区
145,西宁,2,1,原中星化工有限公司关停企业污染场地,化工,化工,64,59,铬(总铬和六价铬),90,未知,X,未知,未知,2,国资委下属资产管理企业,西宁市湟水投资管理有限公司,未知,未知,未知,0,0,西宁市城东区八一东路5号,T,F,F,F,宁夏回族自治区
48,长沙,6,0,原长沙铬盐厂铬污染地块,化工,化工,64,60,铬(总铬和六价铬),450,未出让,X,未知,未知,2,政府,长沙市政府（原长沙铬盐厂铬污染土壤修复项目）,异位修复,50500,正在修复,1,1,长沙市岳麓区三汊矶原长沙铬盐厂内,T,F,F,F,湖南省
49,长沙,6,1,原坪塘蜂巢颜料化工有限公司污染地块,化工,化工,64,61,砷;铅;锌;铬(总铬和六价铬),510,未出让,X,商住用地,商住用地,0,国资委下属资产管理企业,湘江新区投资集团有限公司,原位修复；异位修复,6800,正在修复,1,1,湖南省长沙市岳麓区坪塘镇湘江中路31号,T,F,F,F,湖南省
54,郑州,3,0,郑州兰博尔科技有限公司退役厂区,化工,化工,64,62,其他半挥发性有机物(苯酚/苯胺/多氯联苯）;有机农药(六六六/滴滴涕等);其他重金属(镉/锑/鎶/铍/钡/锰);其他挥发性有机物(氯仿/三氯乙烯/三氯甲烷/氟化物等),370,未出让,X,商住用地,商住用地,0,原场地使用者,郑州兰博尔科技有限公司 ,原位修复；异位修复,40000,未知,1,1,郑州市东南部二里岗村、城东南路57号,T,T,T,F,河南省
56,郑州,3,2,原郑州五里堡化工总厂,化工,化工,64,63,铬(总铬和六价铬),未知,未出让,X,未知,未知,2,政府,新密市大隗镇人民政府,未知,未知,未知,,,南省新密市大隗镇五里堡村,T,F,F,F,河南省
133,北京,7,1,高立庄油库项目场地,石化,其他,29,0,汞;其他半挥发性有机物(苯酚/苯胺/多氯联苯）;总石油烃(总石油烃/苯/甲苯/萘等）;铬(总铬和六价铬);其他挥发性有机物(氯仿/三氯乙烯/三氯甲烷/氟化物等),未知,未出让,X,商住用地,商住用地,0,原场地使用者,中国石化集团,原地异位修复,816,未知,1,1,丰台区高立庄村403号,T,T,T,F,北京市
163,成都,9,0,成都市千瑞达制革有限责任公司,制革,其他,29,1,铬(总铬和六价铬),未开始,未出让,X,未知,未知,2,未知,未知,未知,未知,场地土壤环境评估中,,,四川省成都市崇州市,T,F,F,F,四川省
165,成都,9,2,华福润滑油厂废旧场地,石化,其他,29,2,总石油烃(总石油烃/苯/甲苯/萘等）,未开始,未出让,X,未知,未知,2,未知,未知,未知,未知,场地土壤环境评估中,,,四川省成都市蒲江县,F,T,F,F,四川省
170,成都,9,7,贵州轮胎股份有限公司橡胶分公司,轮胎,其他,29,3,未知,未开始,未知,,商住用地,商住用地,0,未知,未知,未知,未知,场地土壤环境评估中,,,贵阳市百花大道50号,NA,NA,NA,NA,四川省
171,成都,9,8,贵阳市花溪区浪风关垃圾填埋场,垃圾填埋场,其他,29,4,铜;铬(总铬和六价铬);其他重金属(镉/锑/鎶/铍/钡/锰),未开始,未出让,X,商住用地,商住用地,0,未知,未知,原位修复,未知,场地土壤环境评估中,1,1,花溪区贵筑社区云上村,T,F,F,F,四川省
146,重庆,17,0,重庆顺安爆破器材有限公司（845厂）原址,特种制造,其他,29,5,铬(总铬和六价铬),未知,未知,X,未知,未知,2,未知,重庆市能源投资集团有限公司,未知,未知,已修复,,,,T,F,F,F,重庆市
158,重庆,17,12,重庆江电电力设备有限公司原址,电力,其他,29,6,锌,54,未出让,X,未知,未知,2,原场地使用者,重庆江电电力设备有限公司,异位修复,未知,正在修复,1,0,,T,F,F,F,重庆市
70,福州,1,0,原福建璋南电池科技有限公司用地,电池,其他,29,7,砷;其他重金属(镉/锑/鎶/铍/钡/锰);铅,未知,未出让,X,商住用地,商住用地,0,政府,福清市土地发展中心,未知,1038,已完成场地土壤环境评估,1,0,福清市洪宽工业村,T,F,F,F,福建省
40,广州,10,2,人民制革厂地块,制革,其他,29,8,未知,60,未知,X,未知,未知,2,原场地使用者,广州发展汽车城有限公司（皮革厂更名）,原位修复,未知,准备修复,1,1,黄埔大道东路AEC汽车城,NA,NA,NA,NA,广东省
43,广州,10,5,黄埔大道东646号地块,饲料,其他,29,9,锌;镍,179,未出让,X,商住用地、绿地,商住综合,1,原场地使用者,广东正大康地有限公司,异位修复,X,正在修复,1,1,广州市天河区黄埔大道东646号,T,F,F,F,广东省
44,广州,10,6,广东省畜产进出口集团羽绒厂,纺织,其他,29,10,砷,110,已出让,40.2,商住用地,商住用地,0,原场地使用者,广州广羽物业管理有限公司,异位修复,1576,已修复,0,0,白云区石井镇石潭路444号,T,F,F,F,广东省
47,广州,10,9,广纸集团海珠厂区,造纸,其他,29,11,锌;铅;铜;总石油烃(总石油烃/苯/甲苯/萘等）;砷,75,已出让,115.2,商住用地,商住用地,0,原场地使用者,广州造纸集团有限公司,异位修复,1242,已修复,0,0,海珠区工业大道中广纸路40号,T,T,F,F,广东省
141,兰州,4,1,兰州市自来水管线周边地下水和土壤污染地块,污水处理,其他,29,12,总石油烃(总石油烃/苯/甲苯/萘等）;其他挥发性有机物(氯仿/三氯乙烯/三氯甲烷/氟化物等),720,未出让,X,未知,未知,2,原场地使用者,中国石油兰州石化公司,异位修复,10897.05,未知,0,0,,F,T,F,F,甘肃省
143,兰州,4,3,皋兰县石青村黄金尾矿砂污染地块,采矿,其他,29,13,其他污染物(氨/pH/二硫化碳/氰化物等),未知,未出让,X,未知,未知,2,未知,未知,未知,未知,未知,,,,F,F,,T,甘肃省
27,南京,13,6,锦湖轮胎和燕路工厂地块,轮胎,其他,29,14,铬(总铬和六价铬);总石油烃(总石油烃/苯/甲苯/萘等）;多环芳烃(苯并芘/苯并蒽/苯并萘等);镍,120,未出让,X,商住用地,商住用地,0,原场地使用者,南京锦湖轮胎有限公司,未知,1000,已修复,,,栖霞区和燕路418号,T,T,T,F,江苏省
83,上海,14,12,虹口区A01-01号地块,加油站,其他,29,15,未知,未知,已出让,0.42,商住用地,商住用地,0,未知,未知,未知,未知,未知,,,东至彩虹湾四期，南至彩虹湾四期，西至江杨南路，北至安汾路,NA,NA,NA,NA,上海市
60,沈阳,8,3,松下蓄电池（沈阳）有限公司,电池,其他,29,16,其他重金属(镉/锑/鎶/铍/钡/锰),未知,未知,X,未知,未知,2,原场地使用者,企业,未知,未知,正在修复,,,,T,F,F,F,辽宁省
61,沈阳,8,4,米其林沈阳一厂,轮胎,其他,29,17,其他污染物(氨/pH/二硫化碳/氰化物等),未知,已出让,13.3,商住用地,商住用地,0,政府,沈阳经济技术开发区土地储备交易中心,未知,550,正在修复,,,,F,F,F,T,辽宁省
104,石家庄,10,3,石家庄润泰纺织印染有限公司 （原厂区）,纺织,其他,29,18,未知,未知,未出让,,未知,未知,2,原场地使用者,石家庄润泰纺织印染有限公司,未知,未知,正在修复,,,石家庄市桥西区槐安西路6号,NA,NA,NA,NA,河北省
96,太原,12,9,国电太原第一热电厂092-2和093地块,电力,其他,29,19,未知,未知,已出让,11.9,商住用地,商住用地,0,未知,未知,异位修复,2100,准备修复,,,,NA,NA,NA,NA,山西省
98,太原,12,11,南堰污水处理厂地块,污水处理,其他,29,20,未知,未知,未出让,X,未知,未知,2,未知,未知,未知,未知,正在修复,,,,NA,NA,NA,NA,山西省
116,天津,21,5,第一热电厂地块,电力,其他,29,21,多环芳烃(苯并芘/苯并蒽/苯并萘等),未知,已出让,41,商住用地、学校,商住综合,1,未知,未知,未知,未知,正在修复,,,东至六纬路，南至十五经路，西至海河东路，北至十三经路,F,F,T,F,天津市
119,天津,21,8,天津石化聚醚部整体搬迁项目地块,石化,其他,29,22,其他挥发性有机物(氯仿/三氯乙烯/三氯甲烷/氟化物等);总石油烃(总石油烃/苯/甲苯/萘等）;多环芳烃(苯并芘/苯并蒽/苯并萘等),450,未出让,X,未知,未知,2,原场地使用者,中国石油化工集团公司,未知,27300,正在修复,,,,F,T,T,F,天津市
129,天津,21,18,天津市北辰区荣国路（安康）地块,固废处理,其他,29,23,其他污染物(氨/pH/二硫化碳/氰化物等),未知,未出让,X,商住用地,商住用地,0,政府,天津市北辰区土地整理中心,未知,未知,准备修复,1,1,,F,F,,T,天津市
174,乌鲁木齐,2,1,乌石化污水库,石化,其他,29,24,未知,240,未出让,X,未知,未知,2,政府,甘泉堡经济技术开发区环保局,原位修复,未知,已修复,1,0,,NA,NA,NA,NA,新疆维吾尔自治区
139,长春,1,0,原热电一厂厂,电力,其他,29,25,砷;汞,390,未知,X,商住用地,商住用地,0,房地产开发商,长春市长发置业有限公司,未知,15715,已修复,,,宽城区铁北二路31号（宽城区北四条以西，九台路以东，铁北二路以北，台北大街以南）,T,F,F,F,甘肃省
51,长沙,6,3,横市镇望北峰石煤开采点土壤污染风险管控项目,采矿,其他,29,26,其他重金属(镉/锑/鎶/铍/钡/锰);砷,未知,未出让,X,未知,未知,2,政府,宁乡县横市镇人民政府,未知,618,正在修复,,,横市镇望北峰村,T,F,F,F,湖南省
52,长沙,6,4,龙田镇钒矿历史遗留土壤污染风险管控项目,采矿,其他,29,27,未知,未知,未出让,X,未知,未知,2,政府,宁乡县龙田镇人民政府,未知,746,正在修复,,,湖南省长沙市宁乡县龙田镇,NA,NA,NA,NA,湖南省
53,长沙,6,5,黄材镇月山村石煤开采点土壤污染风险管控项目,采矿,其他,29,28,未知,180,未出让,X,未知,未知,2,政府,宁乡沩山风景名胜区管理委员会,原位修复,620,正在修复,1,1,湖南省长沙市宁乡县黄材镇月山村,NA,NA,NA,NA,湖南省
134,北京,7,2,首钢园区脱硫车间及周边道路场地,钢铁,钢铁,19,0,未知,未知,未出让,X,商住用地,商住用地,0,原场地使用者,首都钢铁集团有限公司,未知,未知,未知,1,1,首钢石景山主厂区,NA,NA,NA,NA,北京市
135,北京,7,3,世界侨商创新中心一期项目及周边道路场地,钢铁,钢铁,19,1,多环芳烃(苯并芘/苯并蒽/苯并萘等),未知,未出让,X,商住用地,商住用地,0,原场地使用者,首都钢铁集团有限公司,未知,未知,未知,1,1,首钢石景山主厂区,F,F,T,F,北京市
136,北京,7,4,首钢园区冬季奥运会冰上项目训练中心场地,钢铁,钢铁,19,2,铅;镍;砷;多环芳烃(苯并芘/苯并蒽/苯并萘等);其他重金属(镉/锑/鎶/铍/钡/锰),60,未出让,X,文体用地,其他,5,原场地使用者,首都钢铁集团有限公司,异位修复,1414,未知,1,1,首钢石景山主厂区,T,F,T,F,北京市
137,北京,7,5,首钢园区五一剧场（制粉车间）改造项目地块,钢铁,钢铁,19,3,多环芳烃(苯并芘/苯并蒽/苯并萘等),125,未出让,X,公共设施、文体用地、绿地,公共设施综合,7,原场地使用者,首都钢铁集团有限公司,异位修复,2018,未知,1,1,首钢石景山主厂区,F,F,T,F,北京市
168,成都,9,5,首钢贵钢老区棚户区改造项目,钢铁,钢铁,19,4,其他重金属(镉/锑/鎶/铍/钡/锰),720,未出让,,商住用地,商住用地,0,房地产开发商,贵阳首钢房地产有限公司,异位修复,43900,已修复,1（环境影响报告书）,1,贵阳市南明区富源路,T,F,F,F,四川省
160,重庆,17,14,重庆钢铁集团耐火材料有限责任公司原址,钢铁,钢铁,19,5,砷,120,未知,X,未知,未知,2,房地产开发商,重庆渝富土地开发经营有限公司,原位修复,964.45,暂未开展治理修复,1,0,,T,F,F,F,重庆市
38,广州,10,0,广州市永大集团公司（非居民区）地块,钢铁,钢铁,19,6,多环芳烃(苯并芘/苯并蒽/苯并萘等);镍;砷;铅,120,未出让,X,商住用地,商住用地,0,原场地使用者,广州市永大集团公司,异位修复,2000,正在修复,0,0,广州市番禺区南村镇市头村平安路4号,T,F,T,F,广东省
46,广州,10,8,广钢白鹤洞厂区,钢铁,钢铁,19,7,多环芳烃(苯并芘/苯并蒽/苯并萘等);总石油烃(总石油烃/苯/甲苯/萘等）;其他重金属(镉/锑/鎶/铍/钡/锰),未知,已出让,122,商住用地,商住用地,0,原场地使用者,广州钢铁企业集团有限公司,未知,43990,已修复,,,荔湾区鹤洞路,T,T,T,F,广东省
4,杭州,9,3,杭钢集团,钢铁,钢铁,19,8,未知,未知,未出让,X,未知,未知,2,政府,杭州市拱墅区城市建设发展中心,未知,230,已完成场地土壤环境评估,0,0,杭州市拱墅区半山钢铁基地 半山镇,NA,NA,NA,NA,浙江省
34,合肥,4,0,马钢（合肥）钢铁有限责任公司,钢铁,钢铁,19,9,总石油烃(总石油烃/苯/甲苯/萘等）;多环芳烃(苯并芘/苯并蒽/苯并萘等);砷;汞;其他重金属(镉/锑/鎶/铍/钡/锰);铅;镍;锌;其他挥发性有机物(氯仿/三氯乙烯/三氯甲烷/氟化物等),未知,未出让,X,商住用地,商住用地,0,政府,合肥市土储中心,未知,未知,已完成场地土壤环境评估,1,0,合肥市瑶海区合裕路195号,T,T,T,F,安徽省
23,南京,13,2,原南京铁合金厂铁路货场地块,钢铁,钢铁,19,10,其他挥发性有机物(氯仿/三氯乙烯/三氯甲烷/氟化物等);多环芳烃(苯并芘/苯并蒽/苯并萘等);其他重金属(镉/锑/鎶/铍/钡/锰),未知,未出让,X,未知,未知,2,政府,南京市土地储备中心,未知,未知,正在修复,,,栖霞区和燕路436 号,T,T,T,F,江苏省
24,南京,13,3,化纤小学占原南京铁合金厂地块,钢铁,钢铁,19,11,镍,60,未出让,X,学校,学校,4,国资委下属资产管理企业,南京市燕子矶片区整治开发有限责任公司,原位修复,380,已修复,1,1,栖霞区和燕路436 号,T,F,F,F,江苏省
31,南京,13,10,南京第二钢铁厂地块,钢铁,钢铁,19,12,未知,未知,未知,X,学校,学校,4,未知,未知,未知,未知,正在修复,,,南京市雨花台区西善桥,NA,NA,NA,NA,江苏省
112,天津,21,1,河西区新八大里三里地块,钢铁,钢铁,19,13,多环芳烃(苯并芘/苯并蒽/苯并萘等),90,已出让,39.73,商住用地,商住用地,0,国资委下属资产管理企业,渤海建设投资有限公司,异位修复,212,准备修复,1,0,,F,F,T,F,天津市
113,天津,21,2,河西区新八大里六里地块,钢铁,钢铁,19,14,未知,未知,已出让,45.7,商住用地,商住用地,0,政府,天津市土地整理中心,未知,947,已修复,,,,NA,NA,NA,NA,天津市
114,天津,21,3,河西区新八大里复兴门钢厂宿舍项目地块,钢铁,钢铁,19,15,多环芳烃(苯并芘/苯并蒽/苯并萘等),30,已出让,39.3,商住用地、学校,商住综合,1,国资委下属资产管理企业,天津市地下铁道有限公司,异位修复,550,正在修复,1,0,,F,F,T,F,天津市
115,天津,21,4,河东区富民路（汪庄子1号地）地块,钢铁,钢铁,19,16,多环芳烃(苯并芘/苯并蒽/苯并萘等),300,未出让,X,未知,未知,2,政府,天津市河东区土地整理中心,异位修复,997,正在修复,1,0,富民路和昆仑路交叉口西北侧,F,F,T,F,天津市
118,天津,21,7,东丽区快速路（天钢）地块,钢铁,钢铁,19,17,多环芳烃(苯并芘/苯并蒽/苯并萘等),未知,未出让,X,商住用地,商住用地,0,房地产开发商,天津市海河建设发展投资有限公司,异位修复,未知,准备修复,1,1,,F,F,T,F,天津市
55,郑州,3,1,郑州金盛热镀锌钢管有限公司原址,钢铁,钢铁,19,18,锌;镍;铬(总铬和六价铬),180,未出让,X,商住用地,商住用地,0,房地产开发商,郑州市金岱鼎城置业有限公司,异位修复,725.8,未知,1,1,郑州市管城区十八里河镇大王村东吴河小组，十八里河东岸,T,F,F,F,河南省
150,重庆,17,4,沙坪坝组团A分区A03-10/02、A03-11/02地块,未知,未知,19,0,铬(总铬和六价铬);多环芳烃(苯并芘/苯并蒽/苯并萘等);总石油烃(总石油烃/苯/甲苯/萘等）,未知,已出让,3.097,商住用地,商住用地,0,未知,未知,未知,未知,正在修复,,,,T,T,T,F,重庆市
155,重庆,17,9,玉清寺新增储备片区原址,未知,未知,19,1,铜;其他重金属(镉/锑/鎶/铍/钡/锰);铅,未知,未出让,X,商住用地、文体用地,商住综合,1,政府,重庆市九龙坡区土储中心,未知,458,暂未开展治理修复,,,,T,F,F,F,重庆市
67,南昌,3,0,南昌市赛文礼品文化用品有限公司,文具,未知,19,2,其他重金属(镉/锑/鎶/铍/钡/锰);铬(总铬和六价铬);锌;铜,150,未出让,X,未知,未知,2,政府,进贤县文港镇人民政府,未知,4420,已修复,,,江西进贤县文港大道57,T,F,F,F,江西省
68,南昌,3,1,南昌市茂鹤笔业有限公司,文具,未知,19,3,锌;其他重金属(镉/锑/鎶/铍/钡/锰);铜;铬(总铬和六价铬),150,未出让,X,未知,未知,2,政府,进贤县文港镇人民政府,未知,同上,已修复,,,江西省南昌市进贤县文港镇长安路,T,F,F,F,江西省
69,南昌,3,2,进贤县永盛制笔加工厂,文具,未知,19,4,锌;铬(总铬和六价铬);其他重金属(镉/锑/鎶/铍/钡/锰);铜,150,未出让,X,未知,未知,2,政府,进贤县文港镇人民政府,未知,同上,已修复,,,江西省南昌市进贤县文港镇长安路,T,F,F,F,江西省
71,上海,14,0,普陀区600坊C3-05地块,未知,未知,19,5,未知,未知,已出让,15.5,商住用地,商住用地,0,政府,上海市普陀区土地发展中心,未知,未知,未知,,,东至C3-5东侧地块边界，南至规划防护绿地，西至规划公共绿地，北至规划连冠路；,NA,NA,NA,NA,上海市
72,上海,14,1,桃浦600坊C1-07地块,未知,未知,19,6,未知,未知,已出让,同上,商住用地,商住用地,0,政府,上海市普陀区土地发展中心,未知,未知,未知,,,东至规划真朋南路，南至规划连冠路，西至规划公共绿地，北至朱家浜；,NA,NA,NA,NA,上海市
73,上海,14,2,宝山区C1-2和C5-5地块,未知,未知,19,7,未知,未知,已出让,22.4,商住用地,商住用地,0,未知,未知,未知,未知,未知,,,东至罗溪路，南至罗春路，西至沪太路，北至石太路；,NA,NA,NA,NA,上海市
76,上海,14,5,C040201单元J1A-02地块,未知,未知,19,8,未知,未知,未出让,X,学校,学校,4,未知,未知,未知,未知,未知,,,东至浦江大厦，南至新华社区，西至凯旋公寓，北至安顺路建设新华社区,NA,NA,NA,NA,上海市
77,上海,14,6,闵行区17-04地块,未知,未知,19,9,未知,未知,已出让,14.94,商住用地,商住用地,0,未知,未知,未知,未知,未知,,,东至：航新路,南至：新龙路,西至：横泾河,北至：中央绿轴,NA,上海市
78,上海,14,7,闵行区18-01A地块,未知,未知,19,10,未知,未知,已出让,22.3,商住用地,商住用地,0,未知,未知,未知,未知,未知,,,东至：航西路,南至：用地边界线,西至：航新路,北至：规划路,NA,上海市
79,上海,14,8,闵行区19-01地块,未知,未知,19,11,未知,未知,已出让,10.64,商住用地,商住用地,0,未知,未知,未知,未知,未知,,,东至用地红线,南至用地红线,西至航西路,北至规划路,NA,上海市
80,上海,14,9,闵行区19-04地块,未知,未知,19,12,未知,未知,已出让,12.71,商住用地、文体用地,商住综合,1,未知,未知,未知,未知,未知,,,东至新镇路,南至新龙路,西至航西路,北至中央绿轴,NA,上海市
81,上海,14,10,闵行区03-02地块,未知,未知,19,13,总石油烃(总石油烃/苯/甲苯/萘等）,未知,未出让,X,公共设施,公共设施,6,未知,未知,未知,未知,未知,,,闵行区浦江郊野公园03-02地块,F,T,F,F,上海市
82,上海,14,11,杨浦区138街坊,未知,未知,19,14,砷;镍;铅;其他重金属(镉/锑/鎶/铍/钡/锰),未知,已出让,37.9,商住用地,商住用地,0,政府,上海市闵行区房屋土地征收中心,未知,144,未知,,,周家嘴路以南、隆昌路以东、内江路以西、长阳路以北区域,T,F,F,F,上海市
107,石家庄,10,6,铜冶镇北铜冶村旧工业区北地块场地,未知,未知,19,15,未知,不需要修复,未知,X,未知,未知,2,政府,石家庄市鹿泉区铜冶镇人民政府,未知,不需要修复,已完成场地土壤环境评估,,,鹿泉区铜冶镇北铜冶村,NA,NA,NA,NA,河北省
108,石家庄,10,7,铜冶镇北铜冶村旧工业区南地块场地,未知,未知,19,16,未知,不需要修复,未知,X,未知,未知,2,政府,石家庄市鹿泉区铜冶镇人民政府,未知,不需要修复,已完成场地土壤环境评估,,,鹿泉区铜冶镇北铜冶村,NA,NA,NA,NA,河北省
128,天津,21,17,河西区郁江道陈塘科技商务区商务区内江路和双海道交口公交首末站和水文监测站地块 ,未知,未知,19,17,其他半挥发性有机物(苯酚/苯胺/多氯联苯）;其他挥发性有机物(氯仿/三氯乙烯/三氯甲烷/氟化物等),未知,未知,X,未知,未知,2,政府,河西区土地整理中心,未知,未知,准备修复,,,,F,T,T,F,天津市
50,长沙,6,2,黄材水库库区周边历史遗留锰渣治理项目,未知,未知,19,18,未知,60,未出让,X,未知,未知,2,政府,宁乡县黄材水库灌区管理局,未知,566,正在修复,,,黄材水库库区周边,NA,NA,NA,NA,湖南省
147,重庆,17,1,中船重工重庆液压机电有限公司原址,机械制造,机械制造,16,0,锌;总石油烃(总石油烃/苯/甲苯/萘等）;铜;铬(总铬和六价铬);镍;其他重金属(镉/锑/鎶/铍/钡/锰),未知,未知,X,未知,未知,2,原场地使用者,重庆中船重工置业有限公司,未知,未知,已修复,,,,T,T,F,F,重庆市
148,重庆,17,2,重庆滩子口五洲地块（大杨石组团W分区W01-3-2/05、W01-10/04地块）,机械制造,机械制造,16,1,铜;铅;总石油烃(总石油烃/苯/甲苯/萘等）,60,已出让,1.4,绿地、公共设施、商住用地,商住综合,1,房地产开发商,重庆观江置业有限公司,未知,321.4,正在修复,1,1,,T,T,F,F,重庆市
149,重庆,17,3,重庆第二起重机厂原址,机械制造,机械制造,16,2,总石油烃(总石油烃/苯/甲苯/萘等）;多环芳烃(苯并芘/苯并蒽/苯并萘等),未知,未知,X,未知,未知,2,未知,未知,未知,未知,已修复,,,,F,T,T,F,重庆市
151,重庆,17,5,重庆市九龙橡胶制品制造有限公司原址,机械制造,机械制造,16,3,总石油烃(总石油烃/苯/甲苯/萘等）,180,未知,X,未知,未知,2,房地产开发商,重庆市九龙橡胶制品制造有限公司,未知,2500,已修复,0,0,,F,T,F,F,重庆市
153,重庆,17,7,中国四联仪器仪表集团有限公司原址,机械制造,机械制造,16,4,铅,未知,未知,X,未知,未知,2,未知,未知,未知,未知,已修复,,,,T,F,F,F,重庆市
157,重庆,17,11,重庆汽车消声器厂和重庆东京散热器有限公司原址,机械制造,机械制造,16,5,多环芳烃(苯并芘/苯并蒽/苯并萘等),150,未知,X,商住用地、学校,商住综合,1,未知,未知,异位修复,未知,正在修复,1,0,,F,F,T,F,重庆市
159,重庆,17,13,渝北区大石坝组团B标准分区B27-1号地块,机械制造,机械制造,16,6,镍;总石油烃(总石油烃/苯/甲苯/萘等）;其他挥发性有机物(氯仿/三氯乙烯/三氯甲烷/氟化物等),20,已出让,8.72,商住用地,商住用地,0,政府,土地储备单位重庆临空都市基础设施建设运营有限公司,异位修复,100,已修复,1,1,,T,T,F,F,重庆市
8,杭州,9,7,建德市大丰辐条厂,机械制造,机械制造,16,7,铬(总铬和六价铬);其他重金属(镉/锑/鎶/铍/钡/锰);铜;镍;锌,30,未知,X,未知,未知,2,国资委下属资产管理企业,建德市桥南城市建设有限公司,异位修复,480,正在修复,1,0,,T,F,F,F,浙江省
37,合肥,4,3,南七叉车厂,机械制造,机械制造,16,8,铬(总铬和六价铬),未知,已出让,45.5,商住用地,商住用地,0,房地产开发商,金隅置业安徽有限公司,未知,未知,正在修复,,,,T,F,F,F,安徽省
86,济南,2,1,济南华阳紧固件有限公司老厂区,机械制造,机械制造,16,9,铬(总铬和六价铬);锌,30,已出让,0.41,商住用地,商住用地,0,原场地使用者,济南华阳紧固件有限公司,异位修复,140,已修复,1,1,平阴县翠屏街75号,T,F,F,F,山东省
29,南京,13,8,南高齿莱茵达路厂区地块,机械制造,机械制造,16,10,多环芳烃(苯并芘/苯并蒽/苯并萘等);总石油烃(总石油烃/苯/甲苯/萘等）,30,已出让,55.6,商住用地、公共设施、学校,商住综合,1,政府,南京江宁高新技术产业园管理委员会,异位修复,2130.77,正在修复,1,1,江苏省南京市江宁区莱茵达路299号,F,T,T,F,江苏省
30,南京,13,9,中船绿洲地块,机械制造,机械制造,16,11,总石油烃(总石油烃/苯/甲苯/萘等）;多环芳烃(苯并芘/苯并蒽/苯并萘等),365,未出让,X,商住用地,商住用地,0,原场地使用者,南京中船绿洲机器有限公司,原地异位修复,未知,正在修复,1,1,南京市雨花台区板桥街道绿洲路1号,F,T,T,F,江苏省
74,上海,14,3,宝山区N12-0102单元03-01地块,集装箱储存,机械制造,16,12,未知,未知,已出让,6.8,商住用地,商住用地,0,未知,未知,未知,未知,未知,,,东至淞行路，南至国帆路，西至丁巷宅路，北至瑞吉路；,NA,NA,NA,NA,上海市
117,天津,21,6,河东区奥的斯电梯厂地块二期（2标段）,机械制造,机械制造,16,13,总石油烃(总石油烃/苯/甲苯/萘等）,180,已出让,14,商住用地、学校,商住综合,1,房地产开发商,天津市嘉华城市建设投资发展有限公司 、融豪（天津）置业有限公司,异位修复,1400,正在修复,1,0,东至昆仑路，南至昆仑路，西至月牙河东路，北至兰峰道,F,T,F,F,天津市
123,天津,21,12,北辰区高峰路（天重三期）地块 ,机械制造,机械制造,16,14,多环芳烃(苯并芘/苯并蒽/苯并萘等);总石油烃(总石油烃/苯/甲苯/萘等）;其他重金属(镉/锑/鎶/铍/钡/锰),未知,未出让,X,未知,未知,2,未知,未知,未知,未知,准备修复,1,1,,T,T,T,F,天津市
20,武汉,11,10,原武昌汽车标准件厂场地,机械制造,机械制造,16,15,铬(总铬和六价铬),未知,未出让,X,未知,未知,2,房地产开发商,武汉光谷建设投资有限公司,未知,800,已完成场地土壤环境评估,,,江夏区流芳,T,F,F,F,湖北省
154,重庆,17,8,重庆嘉溢华科技实业有限公司原址,制药,制药,11,0,其他污染物(氨/pH/二硫化碳/氰化物等);镍;总石油烃(总石油烃/苯/甲苯/萘等）;多环芳烃(苯并芘/苯并蒽/苯并萘等),未知,未出让,X,商住用地、学校,商住综合,1,原场地使用者,重庆嘉溢华科技实业有限公司,原位修复；异位修复,未知,暂未开展治理修复,1,0,,T,T,T,T,重庆市
2,杭州,9,1,杭州爱大制药有限公司,制药,制药,11,1,砷;总石油烃(总石油烃/苯/甲苯/萘等）,75,未知,X,未知,未知,2,政府,杭州市钱江新城建设指挥部,异位修复,未知,准备修复,1,1,杭州市江干区钱江新城（定江路31号）,T,T,F,F,浙江省
5,杭州,9,4,杭州民生药业有限公司,制药,制药,11,2,其他挥发性有机物(氯仿/三氯乙烯/三氯甲烷/氟化物等);其他重金属(镉/锑/鎶/铍/钡/锰),240,未出让,X,未知,未知,2,未知,未知,未知,未知,已修复,0,0,杭州市拱墅区余杭经济技术开发区临平大道36号,T,T,F,F,浙江省
57,沈阳,8,0,东北制药股份有限公司北二路北厂区生产区,制药,制药,11,3,汞;铅;砷;其他半挥发性有机物(苯酚/苯胺/多氯联苯）;其他挥发性有机物(氯仿/三氯乙烯/三氯甲烷/氟化物等);镍;铬(总铬和六价铬);其他污染物(氨/pH/二硫化碳/氰化物等);铜;锌;多环芳烃(苯并芘/苯并蒽/苯并萘等);总石油烃(总石油烃/苯/甲苯/萘等）,90,已出让,15.5,商住用地,商住用地,0,原场地使用者,东北制药股份有限公司,异位修复,2004.1,正在修复,1,1,,T,T,T,T,辽宁省
59,沈阳,8,2,东北制药股份有限公司北二路北厂区办公区,制药,制药,11,4,未知,90,已出让,同1,商住用地,商住用地,0,原场地使用者,同1,异位修复,同1,正在修复,1,1,,NA,NA,NA,NA,辽宁省
62,沈阳,8,5,东北制药集团股份有限公司北二西路49号和51号区域,制药,制药,11,5,多环芳烃(苯并芘/苯并蒽/苯并萘等),未知,未出让,X,未知,未知,2,原场地使用者,东北制药股份有限公司,未知,未知,准备修复,,,,F,F,T,F,辽宁省
101,石家庄,10,0,华北制药威可达有限公司,制药,制药,11,6,其他污染物(氨/pH/二硫化碳/氰化物等),不需要修复,未出让,X,未知,未知,2,原场地使用者,华北制药威可达有限公司,未知,不需要修复,已完成场地土壤环境评估,1,0,河北省石家庄市长安区翟营北大街9号,F,F,,T,河北省
102,石家庄,10,1,石家庄市华营联合葡萄糖厂原厂区,制药,制药,11,7,未知,未知,未出让,X,未知,未知,2,原场地使用者,石家庄市华营联合葡萄糖厂,未知,未知,已修复,,,河北省石家庄市长安区南高营大街,NA,NA,NA,NA,河北省
103,石家庄,10,2,河北华旭药业原厂区（东胜紫晶悦城）地块,制药,制药,11,8,未知,未知,已出让,5.3,商住用地,商住用地,0,房地产开发商,河北祈福乾悦房地产开发有限公司,未知,未知,已修复,,,河北省石家庄市长安区谈固北大街62号,NA,NA,NA,NA,河北省
130,天津,21,19,河东区成林道天药集团地块  ,制药,制药,11,9,其他挥发性有机物(氯仿/三氯乙烯/三氯甲烷/氟化物等);总石油烃(总石油烃/苯/甲苯/萘等）,未知,未知,X,未知,未知,2,未知,未知,未知,未知,准备修复,,,,F,T,F,F,天津市
11,武汉,11,1,原武汉远大制药集团有限公司场地,制药,制药,11,10,其他重金属(镉/锑/鎶/铍/钡/锰);其他半挥发性有机物(苯酚/苯胺/多氯联苯）;其他污染物(氨/pH/二硫化碳/氰化物等);总石油烃(总石油烃/苯/甲苯/萘等）;其他挥发性有机物(氯仿/三氯乙烯/三氯甲烷/氟化物等),未知,已出让,20.9,商住用地,商住用地,0,国资委下属资产管理企业,武汉市硚口国有资产经营有限公司,原位修复；异位修复；原地异位修复,92500,正在修复,1,0,硚口区古田老工业区，北起解放大道，东临古田二路，西靠古田一路，南抵古田路,T,T,T,T,湖北省
156,重庆,17,10,秀山县溶溪瑞兴电解金属锰厂原址,冶炼,冶炼,6,0,铜;铬(总铬和六价铬);铅;其他重金属(镉/锑/鎶/铍/钡/锰);砷,120,未出让,X,工业用地,工业用地,5,原场地使用者,秀山县溶溪瑞兴电解金属锰厂,原位修复,500,准备修复,1,0,,T,F,F,F,重庆市
161,重庆,17,15,重庆铝制品厂片区,冶炼,冶炼,6,1,铜;其他重金属(镉/锑/鎶/铍/钡/锰);多环芳烃(苯并芘/苯并蒽/苯并萘等);镍;铅;总石油烃(总石油烃/苯/甲苯/萘等）,120,未出让,,商住用地,商住用地,0,政府,九龙坡区土地整治储备中心,异位修复,170,正在修复,1,0,,T,T,T,F,重庆市
84,上海,14,13,虹口区HK354B-01地块,冶炼,冶炼,6,2,其他重金属(镉/锑/鎶/铍/钡/锰),未知,已出让,10.1,商住用地,商住用地,0,未知,未知,未知,未知,未知,,,虹口区嘉兴路街道139街坊,T,F,F,F,上海市
109,石家庄,10,8,河北石铜铸造有限公司铜冶分厂地块,冶炼,冶炼,6,3,其他污染物(氨/pH/二硫化碳/氰化物等),不需要修复,未出让,,商住用地,商住用地,0,房地产开发商,河北康煜房地产开发公司,未知,不需要修复,已完成场地土壤环境评估,,,河北省石家庄市鹿泉区铜冶镇     ,F,F,,T,河北省
125,天津,21,14,河北区建昌道铝品厂地块 ,冶炼,冶炼,6,4,其他挥发性有机物(氯仿/三氯乙烯/三氯甲烷/氟化物等);总石油烃(总石油烃/苯/甲苯/萘等）;多环芳烃(苯并芘/苯并蒽/苯并萘等),未知,未出让,X,学校,学校,4,未知,未知,未知,未知,准备修复,1,0,河北区建昌道和小红星路交叉口东侧,F,T,T,F,天津市
15,武汉,11,5,原武汉冶炼厂场地,冶炼,冶炼,6,5,未知,未知,未出让,X,未知,未知,2,政府,江岸区政府,未知,未知,已风险管控,0,0,江岸区谌家矶大道,NA,NA,NA,NA,湖北省
132,北京,7,0,北京市朝阳区双桥电镀厂原址场地,电镀,电镀,5,0,铬(总铬和六价铬);镍,100,未出让,X,商住用地,商住用地,0,房地产开发商,弘如视界（北京）投资有限公司,原地异位修复,未知,未知,1,1,朝阳区双桥镇,T,F,F,F,北京市
164,成都,9,1,都江堰市红星电镀厂,电镀,电镀,5,1,其他挥发性有机物(氯仿/三氯乙烯/三氯甲烷/氟化物等);总石油烃(总石油烃/苯/甲苯/萘等）,未开始,未出让,X,未知,未知,2,未知,未知,未知,未知,场地土壤环境评估中,,,四川省成都市都江堰市,F,T,F,F,四川省
6,杭州,9,5,杭州浦沿电镀厂,电镀,电镀,5,2,砷;铬(总铬和六价铬);镍,240,未出让,X,绿地,绿地,3,政府,杭州高新技术产业开发区（滨江）智慧新天地建设指挥部,原地异位修复,,准备修复,1,1,杭州市滨江区浦沿街道新胜村新浦路,T,F,F,F,浙江省
26,南京,13,5,新尧新城综合体西侧地块,电镀,电镀,5,3,砷;铬(总铬和六价铬);锌;其他污染物(氨/pH/二硫化碳/氰化物等),120,未出让,X,公共设施、绿地,公共设施综合,7,国资委下属资产管理企业,南京新尧新城开发建设有限公司,原地异位修复,1009.5,正在修复,1,1,尧佳路以北，尧顺路以南，翠林路以西，尧晨路以东,T,F,F,T,江苏省
17,武汉,11,7,原武汉滨湖机械一分厂场地,电镀,电镀,5,4,铬(总铬和六价铬);铅;镍;锌;铜,60,未知,X,未知,未知,2,原场地使用者,武汉滨湖电子有限责任公司,未知,800,正在修复,,,武昌区中北路160号,T,F,F,F,湖北省
39,广州,10,1,广州油制气厂地块,制气,制气,5,0,总石油烃(总石油烃/苯/甲苯/萘等）;多环芳烃(苯并芘/苯并蒽/苯并萘等),810,已出让,61.5,商住用地、学校、公共设施,商住综合,1,房地产开发商,广州市城实投资有限公司,未知,38000,正在修复,,,天河区岐山路183号,F,T,T,F,广东省
100,昆明,2,1,昆明焦化制气有限公司场地污染地块,制气,制气,5,1,多环芳烃(苯并芘/苯并蒽/苯并萘等);总石油烃(总石油烃/苯/甲苯/萘等）,240,未知,X,物流仓储,其他,5,原场地使用者,昆明焦化制气有限公司,异位修复,6476,正在修复,1,1,昆明市大板桥镇,F,T,T,F,云南省
21,南京,13,0,煤制气厂地块剩余地块第一部分,制气,制气,5,2,砷;铅;镍;其他半挥发性有机物(苯酚/苯胺/多氯联苯）,400,未知,X,商住用地、学校,商住综合,1,国资委下属资产管理企业,南京城建土地整理开发有限公司,原位修复,27700,正在修复,1,1,东至南京市煤气总公司，南至兴贤路，西至南京市煤气总公司、壹城花园住宅小区，北至南京市煤气总公司。 ,T,F,T,F,江苏省
22,南京,13,1,煤制气厂二期地块,制气,制气,5,3,多环芳烃(苯并芘/苯并蒽/苯并萘等),365,未出让,X,商住用地,商住用地,0,国资委下属资产管理企业,南京市城市建设投资控股（集团）有限责任公司,原地异位修复,18961.93,已修复,1,1,东至兴都花园，南至兴贤路，西至案号13201300935出让地块，北至南京市煤气总公司。,F,F,T,F,江苏省
94,太原,12,7,太原煤气化（集团）旧厂区地块,制气,制气,5,4,未知,未知,已出让,116,商住用地,商住用地,0,未知,未知,未知,未知,已完成场地土壤环境评估,,,太原煤气化公司原用地范围内,NA,NA,NA,NA,山西省