id,city,city_amount,city_index,topten_index,topten_row,plot,plot_rename,industry,industry_simple,industry_amount,industry_index,industry_index_m,industry_row,industry_row_m,pollution,pollution_simple,day,transfer,transfer_money,future_use,future_use_simple,future_use_rank,zeren_class,zeren,repair_way,repair_money,repair_stage,public,complete,address,zhong,huifa,banhuifa,else,province
1,杭州,9,0,0,15,杭州市红星化工厂,杭州市红星化工厂,化工,化工,64,10,10,0,0,铬(总铬和六价铬),铬,270,未出让,X,商住用地、绿地、公共设施,商住综合,1,政府,杭州市望江地区改造建设指挥部,原位修复；异位修复,12000,准备修复,1,1,上城区秋涛路西侧,T,F,F,F,浙江省
2,杭州,9,1,1,15,杭州爱大制药有限公司,杭州爱大制药有限公司,制药,制药,11,1,1,9,14,砷;总石油烃(总石油烃/苯/甲苯/萘等）,砷;总石油烃,75,未知,X,未知,未知,2,政府,杭州市钱江新城建设指挥部,异位修复,未知,准备修复,1,1,杭州市江干区钱江新城（定江路31号）,T,T,F,F,浙江省
3,杭州,9,2,2,15,杭州庆丰农化有限公司,杭州庆丰农化有限公司,化工,化工,64,11,11,0,0,其他半挥发性有机物(苯酚/苯胺/多氯联苯）;其他挥发性有机物(氯仿/三氯乙烯/三氯甲烷/氟化物等);有机农药(六六六/滴滴涕等);多环芳烃(苯并芘/苯并蒽/苯并萘等);砷,其他半挥发性有机物;其他挥发性有机物;有机农药;多环芳烃;砷,未知,已出让,12.2,商住用地,商住用地,0,国资委下属资产管理企业,杭州市工业资产经营投资集团,原地异位修复,20000,已修复,0,0,杭州市江干区红十五路，机场路,T,T,T,F,浙江省
4,杭州,9,3,3,15,杭钢集团,杭钢集团,钢铁,钢铁,19,8,8,6,8,未知,未知,未知,未出让,X,未知,未知,2,政府,杭州市拱墅区城市建设发展中心,未知,230,已完成场地土壤环境评估,0,0,杭州市拱墅区半山钢铁基地 半山镇,NA,NA,NA,NA,浙江省
5,杭州,9,4,4,15,杭州民生药业有限公司,杭州民生药业有限公司,制药,制药,11,2,2,9,14,其他挥发性有机物(氯仿/三氯乙烯/三氯甲烷/氟化物等);其他重金属(镉/锑/鎶/铍/钡/锰),其他挥发性有机物;其他重金属,240,未出让,X,未知,未知,2,未知,未知,未知,未知,已修复,0,0,杭州市拱墅区余杭经济技术开发区临平大道36号,T,T,F,F,浙江省
6,杭州,9,5,5,15,杭州浦沿电镀厂,杭州浦沿电镀厂,电镀,电镀,5,2,2,11,16,砷;铬(总铬和六价铬);镍,砷;铬;镍,240,未出让,X,绿地,绿地,3,政府,杭州高新技术产业开发区（滨江）智慧新天地建设指挥部,原地异位修复,,准备修复,1,1,杭州市滨江区浦沿街道新胜村新浦路,T,F,F,F,浙江省
7,杭州,9,6,6,15,杭州南郊化学有限公司,杭州南郊化学有限公司,化工,化工,64,12,12,0,0,砷;其他挥发性有机物(氯仿/三氯乙烯/三氯甲烷/氟化物等);其他污染物(氨/pH/二硫化碳/氰化物等);铬(总铬和六价铬);汞;多环芳烃(苯并芘/苯并蒽/苯并萘等);总石油烃(总石油烃/苯/甲苯/萘等）;镍,砷;其他挥发性有机物;其他污染物;铬;汞;多环芳烃;总石油烃;镍,30,未出让,X,绿地,绿地,3,政府,杭州高新技术产业开发区（滨江）智慧新天地建设指挥部,原地异位修复,,准备修复,1,1,杭州市滨江区浦沿街道浦联村镇前路310号,T,T,T,T,浙江省
8,杭州,9,7,7,15,建德市大丰辐条厂,建德市大丰辐条厂,机械制造,机械制造,16,7,7,8,12,铬(总铬和六价铬);其他重金属(镉/锑/鎶/铍/钡/锰);铜;镍;锌,铬,30,未知,X,未知,未知,2,国资委下属资产管理企业,建德市桥南城市建设有限公司,异位修复,480,正在修复,1,0,,T,F,F,F,浙江省
9,杭州,9,8,8,15,建德市白沙化工厂,建德市白沙化工厂,化工,化工,64,13,0,0,1,总石油烃(总石油烃/苯/甲苯/萘等）;铜;铬(总铬和六价铬),总石油烃;铜;铬,30,未知,X,未知,未知,2,国资委下属资产管理企业,建德市桥南城市建设有限公司,异位修复,同上,正在修复,1,0,,T,T,F,F,浙江省
10,武汉,11,0,0,11,原武汉染料厂场地,原武汉染料厂场地,化工,化工,64,10,11,2,3,铅;汞;铬(总铬和六价铬);砷;其他重金属(镉/锑/鎶/铍/钡/锰),铅;汞;铬;砷;其他重金属,未知,未出让,X,未知,未知,2,国资委下属资产管理企业,武汉中央商务区投资控股集团有限公司,未知,18900,已修复,0,0,硚口区易家墩工农路239号,T,F,F,F,湖北省
11,武汉,11,1,1,11,原武汉远大制药集团有限公司场地,原武汉远大制药集团有限公司场地,制药,制药,11,10,10,9,14,其他重金属(镉/锑/鎶/铍/钡/锰);其他半挥发性有机物(苯酚/苯胺/多氯联苯）;其他污染物(氨/pH/二硫化碳/氰化物等);总石油烃(总石油烃/苯/甲苯/萘等）;其他挥发性有机物(氯仿/三氯乙烯/三氯甲烷/氟化物等),其他重金属;其他半挥发性有机物;其他污染物;总石油烃;其他挥发性有机物,未知,已出让,20.9,商住用地,商住用地,0,国资委下属资产管理企业,武汉市硚口国有资产经营有限公司,原位修复；异位修复；原地异位修复,92500,正在修复,1,0,硚口区古田老工业区，北起解放大道，东临古田二路，西靠古田一路，南抵古田路,T,T,T,T,湖北省
12,武汉,11,2,2,11,原武汉力诺化学集团有限公司场地,原武汉力诺化学集团有限公司场地,化工,化工,64,11,12,2,3,其他重金属(镉/锑/鎶/铍/钡/锰);其他半挥发性有机物(苯酚/苯胺/多氯联苯）;其他污染物(氨/pH/二硫化碳/氰化物等);总石油烃(总石油烃/苯/甲苯/萘等）;其他挥发性有机物(氯仿/三氯乙烯/三氯甲烷/氟化物等),其他重金属;其他半挥发性有机物;其他污染物;总石油烃;其他挥发性有机物,未知,已出让,同上,商住用地,商住用地,0,国资委下属资产管理企业,武汉市硚口国有资产经营有限公司,原位修复；异位修复；原地异位修复,同上,正在修复,1,0,硚口区古田老工业区，北起解放大道，东临古田二路，西靠古田一路，南抵古田路,T,T,T,T,湖北省
13,武汉,11,3,3,11,原武汉无机盐厂场地,原武汉无机盐厂场地,化工,化工,64,12,0,2,4,其他重金属(镉/锑/鎶/铍/钡/锰);其他半挥发性有机物(苯酚/苯胺/多氯联苯）;其他污染物(氨/pH/二硫化碳/氰化物等);总石油烃(总石油烃/苯/甲苯/萘等）;其他挥发性有机物(氯仿/三氯乙烯/三氯甲烷/氟化物等),其他重金属;其他半挥发性有机物;其他污染物;总石油烃;其他挥发性有机物,未知,已出让,同上,商住用地,商住用地,0,国资委下属资产管理企业,武汉市硚口国有资产经营有限公司,原位修复；异位修复；原地异位修复,同上,正在修复,1,0,硚口区古田老工业区，北起解放大道，东临古田二路，西靠古田一路，南抵古田路,T,T,T,T,湖北省
14,武汉,11,4,4,11,原武汉环宇化工有限公司场地,原武汉环宇化工有限公司场地,化工,化工,64,13,1,2,4,其他重金属(镉/锑/鎶/铍/钡/锰);其他半挥发性有机物(苯酚/苯胺/多氯联苯）;其他污染物(氨/pH/二硫化碳/氰化物等);总石油烃(总石油烃/苯/甲苯/萘等）;其他挥发性有机物(氯仿/三氯乙烯/三氯甲烷/氟化物等),其他重金属;其他半挥发性有机物;其他污染物;总石油烃;其他挥发性有机物,未知,已出让,同上,商住用地,商住用地,0,国资委下属资产管理企业,武汉市硚口国有资产经营有限公司,原位修复；异位修复；原地异位修复,同上,正在修复,1,0,硚口区古田老工业区，北起解放大道，东临古田二路，西靠古田一路，南抵古田路,T,T,T,T,湖北省
15,武汉,11,5,5,11,原武汉冶炼厂场地,原武汉冶炼厂场地,冶炼,冶炼,6,5,5,10,15,未知,未知,未知,未出让,X,未知,未知,2,政府,江岸区政府,未知,未知,已风险管控,0,0,江岸区谌家矶大道,NA,NA,NA,NA,湖北省
16,武汉,11,6,6,11,原武汉农药厂,原武汉农药厂,化工,化工,64,14,2,2,4,有机农药(六六六/滴滴涕等),有机农药,1095,已出让,14.4,商住用地,商住用地,0,政府,武汉市环保、规划等多部门,异位修复；原位修复,28000,已修复,0,0,汉阳区琴台大道与京广铁路线交汇处,F,F,T,F,湖北省
17,武汉,11,7,7,11,原武汉滨湖机械一分厂场地,原武汉滨湖机械一分厂场地,电镀,电镀,5,4,4,11,16,铬(总铬和六价铬);铅;镍;锌;铜,铬,60,未知,X,未知,未知,2,原场地使用者,武汉滨湖电子有限责任公司,未知,800,正在修复,,,武昌区中北路160号,T,F,F,F,湖北省
18,武汉,11,8,8,11,原武汉青江化工股份有限公司场地,原武汉青江化工股份有限公司场地,化工,化工,64,15,3,2,4,多环芳烃(苯并芘/苯并蒽/苯并萘等);其他重金属(镉/锑/鎶/铍/钡/锰);总石油烃(总石油烃/苯/甲苯/萘等）,多环芳烃,365,已出让,15.3,商住用地,商住用地,0,政府和开发商共同承担,武汉和纵盛地产有限公司/市土地储备中心,未知,9900,准备修复,,,青山区临江大道862号,T,T,T,F,湖北省
19,武汉,11,9,9,11,原葛店化工厂场地,原葛店化工厂场地,化工,化工,64,16,4,2,4,其他挥发性有机物(氯仿/三氯乙烯/三氯甲烷/氟化物等);有机农药(六六六/滴滴涕等);汞,其他挥发性有机物;有机农药;汞,730,未出让,X,工业用地,工业用地,5,房地产开发商,武汉光谷智造园开发投资有限公司,未知,49757,正在修复,,,东湖高新区左岭镇西北部,T,T,T,F,湖北省
20,武汉,11,10,0,12,原武昌汽车标准件厂场地,原武昌汽车标准件厂场地,机械制造,机械制造,16,15,2,8,13,铬(总铬和六价铬),铬,未知,未出让,X,未知,未知,2,房地产开发商,武汉光谷建设投资有限公司,未知,800,已完成场地土壤环境评估,,,江夏区流芳,T,F,F,F,湖北省
21,南京,13,0,0,7,煤制气厂地块剩余地块第一部分,煤制气厂地块剩余地块第一部分,制气,制气,5,2,2,12,17,砷;铅;镍;其他半挥发性有机物(苯酚/苯胺/多氯联苯）,砷;铅;镍;其他半挥发性有机物,400,未知,X,商住用地、学校,商住综合,1,国资委下属资产管理企业,南京城建土地整理开发有限公司,原位修复,27700,正在修复,1,1,东至南京市煤气总公司，南至兴贤路，西至南京市煤气总公司、壹城花园住宅小区，北至南京市煤气总公司。 ,T,F,T,F,江苏省
22,南京,13,1,1,7,煤制气厂二期地块,煤制气厂二期地块,制气,制气,5,3,3,12,17,多环芳烃(苯并芘/苯并蒽/苯并萘等),多环芳烃,365,未出让,X,商住用地,商住用地,0,国资委下属资产管理企业,南京市城市建设投资控股（集团）有限责任公司,原地异位修复,18961.93,已修复,1,1,东至兴都花园，南至兴贤路，西至案号13201300935出让地块，北至南京市煤气总公司。,F,F,T,F,江苏省
23,南京,13,2,2,7,原南京铁合金厂铁路货场地块,原南京铁合金厂铁路货场地块,钢铁,钢铁,19,10,10,6,8,其他挥发性有机物(氯仿/三氯乙烯/三氯甲烷/氟化物等);多环芳烃(苯并芘/苯并蒽/苯并萘等);其他重金属(镉/锑/鎶/铍/钡/锰),其他挥发性有机物;多环芳烃;其他重金属,未知,未出让,X,未知,未知,2,政府,南京市土地储备中心,未知,未知,正在修复,,,栖霞区和燕路436 号,T,T,T,F,江苏省
24,南京,13,3,3,7,化纤小学占原南京铁合金厂地块,化纤小学占原南京铁合金厂地块,钢铁,钢铁,19,11,11,6,8,镍,镍,60,未出让,X,学校,学校,4,国资委下属资产管理企业,南京市燕子矶片区整治开发有限责任公司,原位修复,380,已修复,1,1,栖霞区和燕路436 号,T,F,F,F,江苏省
25,南京,13,4,4,7,固碱厂地块,固碱厂地块,化工,化工,64,0,7,1,1,其他污染物(氨/pH/二硫化碳/氰化物等),其他污染物,未知,未出让,X,未知,未知,2,国资委下属资产管理企业,南京市燕子矶片区整治开发有限责任公司,未知,780.89,正在修复,,,南京市栖霞区和燕路与燕尧路交叉路口,F,F,F,T,江苏省
26,南京,13,5,5,7,新尧新城综合体西侧地块,新尧新城综合体西侧地块,电镀,电镀,5,3,3,11,16,砷;铬(总铬和六价铬);锌;其他污染物(氨/pH/二硫化碳/氰化物等),砷;铬;锌;其他污染物,120,未出让,X,公共设施、绿地,公共设施综合,7,国资委下属资产管理企业,南京新尧新城开发建设有限公司,原地异位修复,1009.5,正在修复,1,1,尧佳路以北，尧顺路以南，翠林路以西，尧晨路以东,T,F,F,T,江苏省
27,南京,13,6,6,7,锦湖轮胎和燕路工厂地块,锦湖轮胎和燕路工厂地块,轮胎,其他,29,14,1,4,6,铬(总铬和六价铬);总石油烃(总石油烃/苯/甲苯/萘等）;多环芳烃(苯并芘/苯并蒽/苯并萘等);镍,铬,120,未出让,X,商住用地,商住用地,0,原场地使用者,南京锦湖轮胎有限公司,未知,1000,已修复,,,栖霞区和燕路418号,T,T,T,F,江苏省
28,南京,13,7,7,7,原金陵化工厂地块,原金陵化工厂地块,化工,化工,64,1,8,1,1,铅,铅,53,已出让,2.79,商住用地,商住用地,0,房地产开发商,南京紫金富隆置业有限公司,异位修复,未知,已修复,1,1,南京市栖霞区迈皋桥合班村29号,T,F,F,F,江苏省
29,南京,13,8,8,7,南高齿莱茵达路厂区地块,南高齿莱茵达路厂区地块,机械制造,机械制造,16,10,10,8,12,多环芳烃(苯并芘/苯并蒽/苯并萘等);总石油烃(总石油烃/苯/甲苯/萘等）,多环芳烃,30,已出让,55.6,商住用地、公共设施、学校,商住综合,1,政府,南京江宁高新技术产业园管理委员会,异位修复,2130.77,正在修复,1,1,江苏省南京市江宁区莱茵达路299号,F,T,T,F,江苏省
30,南京,13,9,9,7,中船绿洲地块,中船绿洲地块,机械制造,机械制造,16,11,11,8,12,总石油烃(总石油烃/苯/甲苯/萘等）;多环芳烃(苯并芘/苯并蒽/苯并萘等),总石油烃;多环芳烃,365,未出让,X,商住用地,商住用地,0,原场地使用者,南京中船绿洲机器有限公司,原地异位修复,未知,正在修复,1,1,南京市雨花台区板桥街道绿洲路1号,F,T,T,F,江苏省
31,南京,13,10,0,8,南京第二钢铁厂地块,南京第二钢铁厂地块,钢铁,钢铁,19,12,12,6,8,未知,未知,未知,未知,X,学校,学校,4,未知,未知,未知,未知,正在修复,,,南京市雨花台区西善桥,NA,NA,NA,NA,江苏省
32,南京,13,11,1,8,南京国海生物工程有限公司地块,南京国海生物工程有限公司地块,化工,化工,64,2,9,1,1,总石油烃(总石油烃/苯/甲苯/萘等）,总石油烃,未知,未出让,X,商住用地,商住用地,0,政府,南京新材料产业园管理委员会,未知,未知,正在修复,1,1,南京市六合区红山精细化工园,F,T,F,F,江苏省
33,南京,13,12,2,8,南京鑫沛化工有限公司地块,南京鑫沛化工有限公司地块,化工,化工,64,3,10,1,1,其他污染物(氨/pH/二硫化碳/氰化物等);总石油烃(总石油烃/苯/甲苯/萘等）;其他挥发性有机物(氯仿/三氯乙烯/三氯甲烷/氟化物等),其他污染物;总石油烃;其他挥发性有机物,未知,未出让,X,商住用地,商住用地,0,政府,南京新材料产业园管理委员会,未知,未知,正在修复,1,1,南京市六合区红山工业园 ,F,T,F,T,江苏省
34,合肥,4,0,,,马钢（合肥）钢铁有限责任公司,马钢（合肥）钢铁有限责任公司,钢铁,钢铁,19,9,9,6,8,总石油烃(总石油烃/苯/甲苯/萘等）;多环芳烃(苯并芘/苯并蒽/苯并萘等);砷;汞;其他重金属(镉/锑/鎶/铍/钡/锰);铅;镍;锌;其他挥发性有机物(氯仿/三氯乙烯/三氯甲烷/氟化物等),总石油烃;多环芳烃;砷;汞;其他重金属;铅;镍;锌;其他挥发性有机物,未知,未出让,X,商住用地,商住用地,0,政府,合肥市土储中心,未知,未知,已完成场地土壤环境评估,1,0,合肥市瑶海区合裕路195号,T,T,T,F,安徽省
35,合肥,4,1,,,中盐安徽红四方股份有限公司,中盐安徽红四方股份有限公司,化工,化工,64,14,1,0,1,未知,未知,未知,未出让,X,商住用地,商住用地,0,政府,合肥市土储中心,未知,未知,已完成场地土壤环境评估,,,安徽省合肥市蜀山区祁门路12号,NA,NA,NA,NA,安徽省
36,合肥,4,2,,,安徽氯碱化工有限公司,安徽氯碱化工有限公司,化工,化工,64,15,2,0,1,未知,未知,未知,未出让,X,未知,未知,2,政府,合肥市产业投资控股(集团)有限公司、合肥市土储中心,未知,未知,已完成场地土壤环境评估,,,合肥市郎溪路10号,NA,NA,NA,NA,安徽省
37,合肥,4,3,,,南七叉车厂,南七叉车厂,机械制造,机械制造,16,8,8,8,12,铬(总铬和六价铬),铬,未知,已出让,45.5,商住用地,商住用地,0,房地产开发商,金隅置业安徽有限公司,未知,未知,正在修复,,,,T,F,F,F,安徽省
38,广州,10,0,0,13,广州市永大集团公司（非居民区）地块,广州市永大集团公司（非居民区）地块,钢铁,钢铁,19,6,6,6,8,多环芳烃(苯并芘/苯并蒽/苯并萘等);镍;砷;铅,多环芳烃,120,未出让,X,商住用地,商住用地,0,原场地使用者,广州市永大集团公司,异位修复,2000,正在修复,0,0,广州市番禺区南村镇市头村平安路4号,T,F,T,F,广东省
39,广州,10,1,1,13,广州油制气厂地块,广州油制气厂地块,制气,制气,5,0,0,12,17,总石油烃(总石油烃/苯/甲苯/萘等）;多环芳烃(苯并芘/苯并蒽/苯并萘等),总石油烃;多环芳烃,810,已出让,61.5,商住用地、学校、公共设施,商住综合,1,房地产开发商,广州市城实投资有限公司,未知,38000,正在修复,,,天河区岐山路183号,F,T,T,F,广东省
40,广州,10,2,2,13,人民制革厂地块,人民制革厂地块,制革,其他,29,8,8,4,5,未知,未知,60,未知,X,未知,未知,2,原场地使用者,广州发展汽车城有限公司（皮革厂更名）,原位修复,未知,准备修复,1,1,黄埔大道东路AEC汽车城,NA,NA,NA,NA,广东省
41,广州,10,3,3,13,广州制漆厂地块,广州制漆厂地块,化工,化工,64,6,6,0,0,其他挥发性有机物(氯仿/三氯乙烯/三氯甲烷/氟化物等);总石油烃(总石油烃/苯/甲苯/萘等）;铬(总铬和六价铬);其他半挥发性有机物(苯酚/苯胺/多氯联苯）,其他挥发性有机物;总石油烃;铬;其他半挥发性有机物,150,未出让,X,商住用地,商住用地,0,原场地使用者,广州珠江化工集团有限公司,异位修复,6288,正在修复,1,1,广州市荔湾区芳村大道东路东塱新爵后街2号,T,T,T,F,广东省
42,广州,10,4,4,13,黄埔化工厂地块,黄埔化工厂地块,化工,化工,64,7,7,0,0,铬(总铬和六价铬);总石油烃(总石油烃/苯/甲苯/萘等）;铜;锌;砷;汞;其他挥发性有机物(氯仿/三氯乙烯/三氯甲烷/氟化物等);铅;镍,铬,330,未出让,X,商住用地,商住用地,0,原场地使用者,广州黄埔化工有限公司,原位修复；异位修复,4701,正在修复,1,1,广州市黄埔区黄埔东路2009号,T,T,F,F,广东省
43,广州,10,5,5,13,黄埔大道东646号地块,黄埔大道东646号地块,饲料,其他,29,9,9,4,5,锌;镍,锌;镍,179,未出让,X,商住用地、绿地,商住综合,1,原场地使用者,广东正大康地有限公司,异位修复,X,正在修复,1,1,广州市天河区黄埔大道东646号,T,F,F,F,广东省
44,广州,10,6,6,13,广东省畜产进出口集团羽绒厂,广东省畜产进出口集团羽绒厂,纺织,其他,29,10,10,4,5,砷,砷,110,已出让,40.2,商住用地,商住用地,0,原场地使用者,广州广羽物业管理有限公司,异位修复,1576,已修复,0,0,白云区石井镇石潭路444号,T,F,F,F,广东省
45,广州,10,7,7,13,百花香料地块,百花香料地块,化工,化工,64,8,8,0,0,总石油烃(总石油烃/苯/甲苯/萘等）;其他挥发性有机物(氯仿/三氯乙烯/三氯甲烷/氟化物等);多环芳烃(苯并芘/苯并蒽/苯并萘等),总石油烃;其他挥发性有机物;多环芳烃,140,已出让,20.1,商住用地,商住用地,0,未知,广州百花香料公司,未知,4296.34,已修复,,,广州市荔湾区百花路111号,F,T,T,F,广东省
46,广州,10,8,8,13,广钢白鹤洞厂区,广钢白鹤洞厂区,钢铁,钢铁,19,7,7,6,8,多环芳烃(苯并芘/苯并蒽/苯并萘等);总石油烃(总石油烃/苯/甲苯/萘等）;其他重金属(镉/锑/鎶/铍/钡/锰),多环芳烃,未知,已出让,122,商住用地,商住用地,0,原场地使用者,广州钢铁企业集团有限公司,未知,43990,已修复,,,荔湾区鹤洞路,T,T,T,F,广东省
47,广州,10,9,9,13,广纸集团海珠厂区,广纸集团海珠厂区,造纸,其他,29,11,11,4,5,锌;铅;铜;总石油烃(总石油烃/苯/甲苯/萘等）;砷,锌;铅;铜;总石油烃;砷,75,已出让,115.2,商住用地,商住用地,0,原场地使用者,广州造纸集团有限公司,异位修复,1242,已修复,0,0,海珠区工业大道中广纸路40号,T,T,F,F,广东省
48,长沙,6,0,,,原长沙铬盐厂铬污染地块,原长沙铬盐厂铬污染地块,化工,化工,64,0,8,3,4,铬(总铬和六价铬),铬,450,未出让,X,未知,未知,2,政府,长沙市政府（原长沙铬盐厂铬污染土壤修复项目）,异位修复,50500,正在修复,1,1,长沙市岳麓区三汊矶原长沙铬盐厂内,T,F,F,F,湖南省
49,长沙,6,1,,,原坪塘蜂巢颜料化工有限公司污染地块,原坪塘蜂巢颜料化工有限公司污染地块,化工,化工,64,1,9,3,4,砷;铅;锌;铬(总铬和六价铬),砷;铅;锌;铬,510,未出让,X,商住用地,商住用地,0,国资委下属资产管理企业,湘江新区投资集团有限公司,原位修复；异位修复,6800,正在修复,1,1,湖南省长沙市岳麓区坪塘镇湘江中路31号,T,F,F,F,湖南省
50,长沙,6,2,,,黄材水库库区周边历史遗留锰渣治理项目,黄材水库库区周边历史遗留锰渣治理项目,未知,未知,19,18,5,7,11,未知,未知,60,未出让,X,未知,未知,2,政府,宁乡县黄材水库灌区管理局,未知,566,正在修复,,,黄材水库库区周边,NA,NA,NA,NA,湖南省
51,长沙,6,3,,,横市镇望北峰石煤开采点土壤污染风险管控项目,横市镇望北峰石煤开采点土壤污染风险管控项目,采矿,其他,29,6,0,5,7,其他重金属(镉/锑/鎶/铍/钡/锰);砷,其他重金属;砷,未知,未出让,X,未知,未知,2,政府,宁乡县横市镇人民政府,未知,618,正在修复,,,横市镇望北峰村,T,F,F,F,湖南省
52,长沙,6,4,,,龙田镇钒矿历史遗留土壤污染风险管控项目,龙田镇钒矿历史遗留土壤污染风险管控项目,采矿,其他,29,7,1,5,7,未知,未知,未知,未出让,X,未知,未知,2,政府,宁乡县龙田镇人民政府,未知,746,正在修复,,,湖南省长沙市宁乡县龙田镇,NA,NA,NA,NA,湖南省
53,长沙,6,5,,,黄材镇月山村石煤开采点土壤污染风险管控项目,黄材镇月山村石煤开采点土壤污染风险管控项目,采矿,其他,29,8,2,5,7,未知,未知,180,未出让,X,未知,未知,2,政府,宁乡沩山风景名胜区管理委员会,原位修复,620,正在修复,1,1,湖南省长沙市宁乡县黄材镇月山村,NA,NA,NA,NA,湖南省
54,郑州,3,0,,,郑州兰博尔科技有限公司退役厂区,郑州兰博尔科技有限公司退役厂区,化工,化工,64,2,10,3,4,其他半挥发性有机物(苯酚/苯胺/多氯联苯）;有机农药(六六六/滴滴涕等);其他重金属(镉/锑/鎶/铍/钡/锰);其他挥发性有机物(氯仿/三氯乙烯/三氯甲烷/氟化物等),其他半挥发性有机物;有机农药;其他重金属;其他挥发性有机物,370,未出让,X,商住用地,商住用地,0,原场地使用者,郑州兰博尔科技有限公司 ,原位修复；异位修复,40000,未知,1,1,郑州市东南部二里岗村、城东南路57号,T,T,T,F,河南省
55,郑州,3,1,,,郑州金盛热镀锌钢管有限公司原址,郑州金盛热镀锌钢管有限公司原址,钢铁,钢铁,19,18,5,6,9,锌;镍;铬(总铬和六价铬),锌;镍;铬,180,未出让,X,商住用地,商住用地,0,房地产开发商,郑州市金岱鼎城置业有限公司,异位修复,725.8,未知,1,1,郑州市管城区十八里河镇大王村东吴河小组，十八里河东岸,T,F,F,F,河南省
56,郑州,3,2,,,原郑州五里堡化工总厂,原郑州五里堡化工总厂,化工,化工,64,3,11,3,4,铬(总铬和六价铬),铬,未知,未出让,X,未知,未知,2,政府,新密市大隗镇人民政府,未知,未知,未知,,,南省新密市大隗镇五里堡村,T,F,F,F,河南省
57,沈阳,8,0,,,东北制药股份有限公司北二路北厂区生产区,东北制药股份有限公司北二路北厂区生产区,制药,制药,11,3,3,9,14,汞;铅;砷;其他半挥发性有机物(苯酚/苯胺/多氯联苯）;其他挥发性有机物(氯仿/三氯乙烯/三氯甲烷/氟化物等);镍;铬(总铬和六价铬);其他污染物(氨/pH/二硫化碳/氰化物等);铜;锌;多环芳烃(苯并芘/苯并蒽/苯并萘等);总石油烃(总石油烃/苯/甲苯/萘等）,汞;铅;砷;其他半挥发性有机物;其他挥发性有机物;镍;铬;其他污染物;铜;锌;多环芳烃;总石油烃,90,已出让,15.5,商住用地,商住用地,0,原场地使用者,东北制药股份有限公司,异位修复,2004.1,正在修复,1,1,,T,T,T,T,辽宁省
58,沈阳,8,1,,,沈阳味精厂西地块,沈阳味精厂西地块,化工,化工,64,6,0,1,2,有机农药(六六六/滴滴涕等);铜;多环芳烃(苯并芘/苯并蒽/苯并萘等);汞,有机农药;铜;多环芳烃;汞,101,已出让,5.5,商住用地、学校,商住综合,1,政府,沈阳市铁西区土地储备交易中心,异位修复,2634.47,已修复,0,0,,T,F,T,F,辽宁省
59,沈阳,8,2,,,东北制药股份有限公司北二路北厂区办公区,东北制药股份有限公司北二路北厂区办公区,制药,制药,11,4,4,9,14,未知,未知,90,已出让,同1,商住用地,商住用地,0,原场地使用者,同1,异位修复,同1,正在修复,1,1,,NA,NA,NA,NA,辽宁省
60,沈阳,8,3,,,松下蓄电池（沈阳）有限公司,松下蓄电池（沈阳）有限公司,电池,其他,29,16,3,4,6,其他重金属(镉/锑/鎶/铍/钡/锰),其他重金属,未知,未知,X,未知,未知,2,原场地使用者,企业,未知,未知,正在修复,,,,T,F,F,F,辽宁省
61,沈阳,8,4,,,米其林沈阳一厂,米其林沈阳一厂,轮胎,其他,29,17,4,4,6,其他污染物(氨/pH/二硫化碳/氰化物等),其他污染物,未知,已出让,13.3,商住用地,商住用地,0,政府,沈阳经济技术开发区土地储备交易中心,未知,550,正在修复,,,,F,F,F,T,辽宁省
62,沈阳,8,5,,,东北制药集团股份有限公司北二西路49号和51号区域,东北制药集团股份有限公司北二西路49号和51号区域,制药,制药,11,5,5,9,14,多环芳烃(苯并芘/苯并蒽/苯并萘等),多环芳烃,未知,未出让,X,未知,未知,2,原场地使用者,东北制药股份有限公司,未知,未知,准备修复,,,,F,F,T,F,辽宁省
63,沈阳,8,6,,,沈阳化工厂POPs场地（原氯苯分厂）,沈阳化工厂POPs场地（原氯苯分厂）,化工,化工,64,7,1,1,2,其他污染物(氨/pH/二硫化碳/氰化物等),其他污染物,220,未出让,X,商住用地,商住用地,0,原场地使用者,沈阳化工股份有限公司,原地异位修复;异位修复,7526.4,场地土壤环境评估中,1,1,,F,F,,T,辽宁省
64,沈阳,8,7,,,原沈阳新城化工厂,原沈阳新城化工厂,化工,化工,64,8,2,1,2,铬(总铬和六价铬),铬,未知,未出让,X,未知,未知,2,政府,沈阳市环境保护局沈北新区分局,未知,550,已完成场地土壤环境评估,0,0,,T,F,F,F,辽宁省
65,哈尔滨,1,0,,,哈尔滨龙江特种装备有限公司场地,哈尔滨龙江特种装备有限公司场地,化工,化工,64,9,9,0,0,砷;铅;铬(总铬和六价铬);其他污染物(氨/pH/二硫化碳/氰化物等);多环芳烃(苯并芘/苯并蒽/苯并萘等);其他重金属(镉/锑/鎶/铍/钡/锰),砷;铅;铬;其他污染物;多环芳烃;其他重金属,未知,未出让,X,未知,未知,2,政府,哈尔滨市道外区城乡建设局,未知,1800,已完成场地土壤环境评估,1,0,,T,F,T,T,黑龙江省
66,西安,1,0,,,西安西化氯碱化工有限责任公司原厂址,西安西化氯碱化工有限责任公司原厂址,化工,化工,64,17,5,2,4,其他半挥发性有机物(苯酚/苯胺/多氯联苯）;其他挥发性有机物(氯仿/三氯乙烯/三氯甲烷/氟化物等);有机农药(六六六/滴滴涕等),其他半挥发性有机物;其他挥发性有机物;有机农药,未知,未出让,X,商住用地,商住用地,0,未知,未知,未知,未知,已完成场地土壤环境评估,,,西安市雁塔区昆明路西段两侧，阿房路以东，汉城南路规划路以北,F,T,T,F,陕西省
67,南昌,3,0,,,南昌市赛文礼品文化用品有限公司,南昌市赛文礼品文化用品有限公司,文具,未知,19,2,2,7,10,其他重金属(镉/锑/鎶/铍/钡/锰);铬(总铬和六价铬);锌;铜,其他重金属;铬;锌;铜,150,未出让,X,未知,未知,2,政府,进贤县文港镇人民政府,未知,4420,已修复,,,江西进贤县文港大道57,T,F,F,F,江西省
68,南昌,3,1,,,南昌市茂鹤笔业有限公司,南昌市茂鹤笔业有限公司,文具,未知,19,3,3,7,10,锌;其他重金属(镉/锑/鎶/铍/钡/锰);铜;铬(总铬和六价铬),锌;其他重金属;铜;铬,150,未出让,X,未知,未知,2,政府,进贤县文港镇人民政府,未知,同上,已修复,,,江西省南昌市进贤县文港镇长安路,T,F,F,F,江西省
69,南昌,3,2,,,进贤县永盛制笔加工厂,进贤县永盛制笔加工厂,文具,未知,19,4,4,7,10,锌;铬(总铬和六价铬);其他重金属(镉/锑/鎶/铍/钡/锰);铜,锌;铬;其他重金属;铜,150,未出让,X,未知,未知,2,政府,进贤县文港镇人民政府,未知,同上,已修复,,,江西省南昌市进贤县文港镇长安路,T,F,F,F,江西省
70,福州,1,0,,,原福建璋南电池科技有限公司用地,原福建璋南电池科技有限公司用地,电池,其他,29,7,7,4,5,砷;其他重金属(镉/锑/鎶/铍/钡/锰);铅,砷;其他重金属;铅,未知,未出让,X,商住用地,商住用地,0,政府,福清市土地发展中心,未知,1038,已完成场地土壤环境评估,1,0,福清市洪宽工业村,T,F,F,F,福建省
71,上海,14,0,0,5,普陀区600坊C3-05地块,普陀区600坊C3-05地块,未知,未知,19,5,5,7,10,未知,未知,未知,已出让,15.5,商住用地,商住用地,0,政府,上海市普陀区土地发展中心,未知,未知,未知,,,东至C3-5东侧地块边界，南至规划防护绿地，西至规划公共绿地，北至规划连冠路；,NA,NA,NA,NA,上海市
72,上海,14,1,1,5,桃浦600坊C1-07地块,桃浦600坊C1-07地块,未知,未知,19,6,6,7,10,未知,未知,未知,已出让,同上,商住用地,商住用地,0,政府,上海市普陀区土地发展中心,未知,未知,未知,,,东至规划真朋南路，南至规划连冠路，西至规划公共绿地，北至朱家浜；,NA,NA,NA,NA,上海市
73,上海,14,2,2,5,宝山区C1-2和C5-5地块,宝山区C1-2和C5-5地块,未知,未知,19,7,7,7,10,未知,未知,未知,已出让,22.4,商住用地,商住用地,0,未知,未知,未知,未知,未知,,,东至罗溪路，南至罗春路，西至沪太路，北至石太路；,NA,NA,NA,NA,上海市
74,上海,14,3,3,5,宝山区N12-0102单元03-01地块,宝山区N12-0102单元03-01地块,集装箱储存,机械制造,16,12,12,8,12,未知,未知,未知,已出让,6.8,商住用地,商住用地,0,未知,未知,未知,未知,未知,,,东至淞行路，南至国帆路，西至丁巷宅路，北至瑞吉路；,NA,NA,NA,NA,上海市
75,上海,14,4,4,5,上海市浦东新区高科西路与国展路交汇处,浦东新区世博A11-01地块,化工,化工,64,5,12,1,1,未知,未知,未知,未出让,X,商住用地,商住用地,0,未知,未知,未知,未知,已修复,,,A11-01地块东接A11-02发展备用地，南至雪野路，西至高科西路，北至国展路,NA,NA,NA,NA,上海市
76,上海,14,5,5,5,C040201单元J1A-02地块,C040201单元J1A-02地块,未知,未知,19,8,8,7,10,未知,未知,未知,未出让,X,学校,学校,4,未知,未知,未知,未知,未知,,,东至浦江大厦，南至新华社区，西至凯旋公寓，北至安顺路建设新华社区,NA,NA,NA,NA,上海市
77,上海,14,6,6,5,闵行区17-04地块,闵行区17-04地块,未知,未知,19,9,9,7,10,未知,未知,未知,已出让,14.94,商住用地,商住用地,0,未知,未知,未知,未知,未知,,,东至：航新路,南至：新龙路,西至：横泾河,北至：中央绿轴,NA,上海市
78,上海,14,7,7,5,闵行区18-01A地块,闵行区18-01A地块,未知,未知,19,10,10,7,10,未知,未知,未知,已出让,22.3,商住用地,商住用地,0,未知,未知,未知,未知,未知,,,东至：航西路,南至：用地边界线,西至：航新路,北至：规划路,NA,上海市
79,上海,14,8,8,5,闵行区19-01地块,闵行区19-01地块,未知,未知,19,11,11,7,10,未知,未知,未知,已出让,10.64,商住用地,商住用地,0,未知,未知,未知,未知,未知,,,东至用地红线,南至用地红线,西至航西路,北至规划路,NA,上海市
80,上海,14,9,9,5,闵行区19-04地块,闵行区19-04地块,未知,未知,19,12,12,7,10,未知,未知,未知,已出让,12.71,商住用地、文体用地,商住综合,1,未知,未知,未知,未知,未知,,,东至新镇路,南至新龙路,西至航西路,北至中央绿轴,NA,上海市
81,上海,14,10,0,6,闵行区03-02地块,闵行区03-02地块,未知,未知,19,13,0,7,11,总石油烃(总石油烃/苯/甲苯/萘等）,总石油烃,未知,未出让,X,公共设施,公共设施,6,未知,未知,未知,未知,未知,,,闵行区浦江郊野公园03-02地块,F,T,F,F,上海市
82,上海,14,11,1,6,杨浦区138街坊,杨浦区138街坊,未知,未知,19,14,1,7,11,砷;镍;铅;其他重金属(镉/锑/鎶/铍/钡/锰),砷;镍;铅;其他重金属,未知,已出让,37.9,商住用地,商住用地,0,政府,上海市闵行区房屋土地征收中心,未知,144,未知,,,周家嘴路以南、隆昌路以东、内江路以西、长阳路以北区域,T,F,F,F,上海市
83,上海,14,12,2,6,虹口区A01-01号地块,虹口区A01-01号地块,加油站,其他,29,15,2,4,6,未知,未知,未知,已出让,0.42,商住用地,商住用地,0,未知,未知,未知,未知,未知,,,东至彩虹湾四期，南至彩虹湾四期，西至江杨南路，北至安汾路,NA,NA,NA,NA,上海市
84,上海,14,13,3,6,虹口区HK354B-01地块,虹口区HK354B-01地块,冶炼,冶炼,6,2,2,10,15,其他重金属(镉/锑/鎶/铍/钡/锰),其他重金属,未知,已出让,10.1,商住用地,商住用地,0,未知,未知,未知,未知,未知,,,虹口区嘉兴路街道139街坊,T,F,F,F,上海市
85,济南,2,0,,,济南裕兴化工有限公司老厂区,济南裕兴化工有限公司老厂区,化工,化工,64,16,3,0,1,铬(总铬和六价铬),铬,未知,未出让,X,未知,未知,2,原场地使用者,济南裕兴化工有限责任公司,原位修复；异位修复,63000,已修复,1,0,天桥区清河北路五柳闸14号,T,F,F,F,山东省
86,济南,2,1,,,济南华阳紧固件有限公司老厂区,济南华阳紧固件有限公司老厂区,机械制造,机械制造,16,9,9,8,12,铬(总铬和六价铬);锌,铬,30,已出让,0.41,商住用地,商住用地,0,原场地使用者,济南华阳紧固件有限公司,异位修复,140,已修复,1,1,平阴县翠屏街75号,T,F,F,F,山东省
87,太原,12,0,0,9,太化集团01地块,太化集团01地块,化工,化工,64,12,6,1,2,未知,未知,未知,未出让,,商住用地,商住用地,0,原场地使用者,太原化工集团房地产有限公司,未知,未知,已修复,,,北起大井峪街，南至规划次干路，西起规划支路，东至西中环路,NA,NA,NA,NA,山西省
88,太原,12,1,1,9,太化集团002、003地块,太化集团002、003地块,化工,化工,64,13,7,1,2,未知,未知,未知,未知,X,商住用地,商住用地,0,原场地使用者,太原化工集团房地产有限公司,未知,未知,已修复,,,,NA,NA,NA,NA,山西省
89,太原,12,2,2,9,太化集团004地块,太化集团004地块,化工,化工,64,14,8,1,2,未知,未知,未知,已出让,9.36,商住用地,商住用地,0,原场地使用者,太原化工集团房地产有限公司,未知,未知,已修复,,,,NA,NA,NA,NA,山西省
90,太原,12,3,3,9,太化集团005地块,太化集团005地块,化工,化工,64,15,9,1,2,未知,未知,未知,未出让,X,商住用地,商住用地,0,原场地使用者,太原化工集团房地产有限公司,未知,未知,准备修复,,,南中环以北、西中环以西、西峪街以南、神堂沟南路以东,NA,NA,NA,NA,山西省
91,太原,12,4,4,9,太化集团006地块,太化集团006地块,化工,化工,64,16,10,1,2,未知,未知,未知,未出让,X,商住用地,商住用地,0,原场地使用者,太原化工集团房地产有限公司,未知,未知,准备修复,,,南中环以北、西中环以西、西峪街以南、神堂沟南路以东,NA,NA,NA,NA,山西省
92,太原,12,5,5,9,太原化学工业集团土地资源管理分公司太化氯碱011地块,太原化学工业集团土地资源管理分公司太化氯碱011地块,化工,化工,64,17,11,1,2,未知,未知,未知,未出让,X,商住用地,商住用地,0,原场地使用者,太原化工集团房地产有限公司,未知,1800,准备修复,,,太原市南中环以北，西中环以西,NA,NA,NA,NA,山西省
93,太原,12,6,6,9,太化集团妇幼迁建工程项目地块,太化集团妇幼迁建工程项目地块,化工,化工,64,18,12,1,2,未知,未知,未知,未出让,X,公共设施,公共设施,6,未知,未知,未知,未知,已修复,,,,NA,NA,NA,NA,山西省
94,太原,12,7,7,9,太原煤气化（集团）旧厂区地块,太原煤气化（集团）旧厂区地块,制气,制气,5,4,4,12,17,未知,未知,未知,已出让,116,商住用地,商住用地,0,未知,未知,未知,未知,已完成场地土壤环境评估,,,太原煤气化公司原用地范围内,NA,NA,NA,NA,山西省
95,太原,12,8,8,9,蓝星化工责任有限公司地块,蓝星化工责任有限公司地块,化工,化工,64,19,0,1,3,未知,未知,未知,未出让,X,未知,未知,2,未知,未知,未知,未知,准备修复,,,,NA,NA,NA,NA,山西省
96,太原,12,9,9,9,国电太原第一热电厂092-2和093地块,国电太原第一热电厂092-2和093地块,电力,其他,29,19,6,4,6,未知,未知,未知,已出让,11.9,商住用地,商住用地,0,未知,未知,异位修复,2100,准备修复,,,,NA,NA,NA,NA,山西省
97,太原,12,10,0,10,冶峪河道路快速化改造及综合治理工程（蓝星化工有限责任公司后勤区地块和化兴化工部分区域地块）,冶峪河道路快速化改造及综合治理工程（蓝星化工有限责任公司后勤区地块和化兴化工部分区域地块）,化工,化工,64,0,1,2,3,未知,未知,未知,未知,X,未知,未知,2,未知,未知,未知,未知,正在修复,,,X,NA,NA,NA,NA,山西省
98,太原,12,11,1,10,南堰污水处理厂地块,南堰污水处理厂地块,污水处理,其他,29,0,7,5,6,未知,未知,未知,未出让,X,未知,未知,2,未知,未知,未知,未知,正在修复,,,,NA,NA,NA,NA,山西省
99,昆明,2,0,,,云南红云氯碱有限公司生产区,云南红云氯碱有限公司生产区,化工,化工,64,17,4,0,1,砷;其他重金属(镉/锑/鎶/铍/钡/锰);汞,砷;其他重金属;汞,未知,未出让,X,未知,未知,2,未知,未知,未知,10000,正在修复,1,0,云南省安宁市连然街道办事处云南红云氯碱有限公司内,T,F,F,F,云南省
100,昆明,2,1,,,昆明焦化制气有限公司场地污染地块,昆明焦化制气有限公司场地污染地块,制气,制气,5,1,1,12,17,多环芳烃(苯并芘/苯并蒽/苯并萘等);总石油烃(总石油烃/苯/甲苯/萘等）,多环芳烃,240,未知,X,物流仓储,其他,5,原场地使用者,昆明焦化制气有限公司,异位修复,6476,正在修复,1,1,昆明市大板桥镇,F,T,T,F,云南省
101,石家庄,10,0,0,14,华北制药威可达有限公司,华北制药威可达有限公司,制药,制药,11,6,6,9,14,其他污染物(氨/pH/二硫化碳/氰化物等),其他污染物,不需要修复,未出让,X,未知,未知,2,原场地使用者,华北制药威可达有限公司,未知,不需要修复,已完成场地土壤环境评估,1,0,河北省石家庄市长安区翟营北大街9号,F,F,,T,河北省
102,石家庄,10,1,1,14,石家庄市华营联合葡萄糖厂原厂区,石家庄市华营联合葡萄糖厂原厂区,制药,制药,11,7,7,9,14,未知,未知,未知,未出让,X,未知,未知,2,原场地使用者,石家庄市华营联合葡萄糖厂,未知,未知,已修复,,,河北省石家庄市长安区南高营大街,NA,NA,NA,NA,河北省
103,石家庄,10,2,2,14,河北华旭药业原厂区（东胜紫晶悦城）地块,河北华旭药业原厂区（东胜紫晶悦城）地块,制药,制药,11,8,8,9,14,未知,未知,未知,已出让,5.3,商住用地,商住用地,0,房地产开发商,河北祈福乾悦房地产开发有限公司,未知,未知,已修复,,,河北省石家庄市长安区谈固北大街62号,NA,NA,NA,NA,河北省
104,石家庄,10,3,3,14,石家庄润泰纺织印染有限公司 （原厂区）,石家庄润泰纺织印染有限公司 （原厂区）,纺织,其他,29,18,5,4,6,未知,未知,未知,未出让,,未知,未知,2,原场地使用者,石家庄润泰纺织印染有限公司,未知,未知,正在修复,,,石家庄市桥西区槐安西路6号,NA,NA,NA,NA,河北省
105,石家庄,10,4,4,14,藁城市化肥总厂,藁城市化肥总厂,化工,化工,64,9,3,1,2,未知,未知,未知,未出让,X,物流仓储,其他,5,房地产开发商,河北汇联物流股份有限公司,未知,未知,未知,,,石家庄市藁城区工业路39号,NA,NA,NA,NA,河北省
106,石家庄,10,5,5,14,石家庄双联化工有限责任公司（一期）地块污染场地修复工程,石家庄双联化工有限责任公司（一期）地块污染场地修复工程,化工,化工,64,10,4,1,2,未知,未知,未知,未出让,X,商住用地,商住用地,0,房地产开发商,石家庄联新房地产开发有限公司,未知,未知,正在修复,,,石家庄双联化工有限责任公司位于石家庄鹿泉区申后村,NA,NA,NA,NA,河北省
107,石家庄,10,6,6,14,铜冶镇北铜冶村旧工业区北地块场地,铜冶镇北铜冶村旧工业区北地块场地,未知,未知,19,15,2,7,11,未知,未知,不需要修复,未知,X,未知,未知,2,政府,石家庄市鹿泉区铜冶镇人民政府,未知,不需要修复,已完成场地土壤环境评估,,,鹿泉区铜冶镇北铜冶村,NA,NA,NA,NA,河北省
108,石家庄,10,7,7,14,铜冶镇北铜冶村旧工业区南地块场地,铜冶镇北铜冶村旧工业区南地块场地,未知,未知,19,16,3,7,11,未知,未知,不需要修复,未知,X,未知,未知,2,政府,石家庄市鹿泉区铜冶镇人民政府,未知,不需要修复,已完成场地土壤环境评估,,,鹿泉区铜冶镇北铜冶村,NA,NA,NA,NA,河北省
109,石家庄,10,8,8,14,河北石铜铸造有限公司铜冶分厂地块,河北石铜铸造有限公司铜冶分厂地块,冶炼,冶炼,6,3,3,10,15,其他污染物(氨/pH/二硫化碳/氰化物等),其他污染物,不需要修复,未出让,,商住用地,商住用地,0,房地产开发商,河北康煜房地产开发公司,未知,不需要修复,已完成场地土壤环境评估,,,河北省石家庄市鹿泉区铜冶镇     ,F,F,,T,河北省
110,石家庄,10,9,9,14,河北元隆化工有限公司,河北元隆化工有限公司,化工,化工,64,11,5,1,2,其他挥发性有机物(氯仿/三氯乙烯/三氯甲烷/氟化物等);其他重金属(镉/锑/鎶/铍/钡/锰);其他半挥发性有机物(苯酚/苯胺/多氯联苯）,其他挥发性有机物;其他重金属;其他半挥发性有机物,未知,未出让,X,商住用地,商住用地,0,原场地使用者,河北元隆化工有限公司,未知,未知,正在修复,1,0,河北省元氏县蟠龙路,T,T,T,F,河北省
111,天津,21,0,0,0,河北区奇伟日用化学有限公司地块,河北区奇伟日用化学有限公司地块,化工,化工,64,1,2,2,3,总石油烃(总石油烃/苯/甲苯/萘等）,总石油烃,未知,未出让,X,未知,未知,2,原场地使用者,奇伟日用化学（天津）有限公司,原位修复,638,正在修复,1,0,,F,T,F,F,天津市
112,天津,21,1,1,0,河西区新八大里三里地块,河西区新八大里三里地块,钢铁,钢铁,19,13,0,6,9,多环芳烃(苯并芘/苯并蒽/苯并萘等),多环芳烃,90,已出让,39.73,商住用地,商住用地,0,国资委下属资产管理企业,渤海建设投资有限公司,异位修复,212,准备修复,1,0,,F,F,T,F,天津市
113,天津,21,2,2,0,河西区新八大里六里地块,河西区新八大里六里地块,钢铁,钢铁,19,14,1,6,9,未知,未知,未知,已出让,45.7,商住用地,商住用地,0,政府,天津市土地整理中心,未知,947,已修复,,,,NA,NA,NA,NA,天津市
114,天津,21,3,3,0,河西区新八大里复兴门钢厂宿舍项目地块,河西区新八大里复兴门钢厂宿舍项目地块,钢铁,钢铁,19,15,2,6,9,多环芳烃(苯并芘/苯并蒽/苯并萘等),多环芳烃,30,已出让,39.3,商住用地、学校,商住综合,1,国资委下属资产管理企业,天津市地下铁道有限公司,异位修复,550,正在修复,1,0,,F,F,T,F,天津市
115,天津,21,4,4,0,河东区富民路（汪庄子1号地）地块,河东区富民路（汪庄子1号地）地块,钢铁,钢铁,19,16,3,6,9,多环芳烃(苯并芘/苯并蒽/苯并萘等),多环芳烃,300,未出让,X,未知,未知,2,政府,天津市河东区土地整理中心,异位修复,997,正在修复,1,0,富民路和昆仑路交叉口西北侧,F,F,T,F,天津市
116,天津,21,5,5,0,第一热电厂地块,第一热电厂地块,电力,其他,29,1,8,5,6,多环芳烃(苯并芘/苯并蒽/苯并萘等),多环芳烃,未知,已出让,41,商住用地、学校,商住综合,1,未知,未知,未知,未知,正在修复,,,东至六纬路，南至十五经路，西至海河东路，北至十三经路,F,F,T,F,天津市
117,天津,21,6,6,0,河东区奥的斯电梯厂地块二期（2标段）,河东区奥的斯电梯厂地块二期（2标段）,机械制造,机械制造,16,13,0,8,13,总石油烃(总石油烃/苯/甲苯/萘等）,总石油烃,180,已出让,14,商住用地、学校,商住综合,1,房地产开发商,天津市嘉华城市建设投资发展有限公司 、融豪（天津）置业有限公司,异位修复,1400,正在修复,1,0,东至昆仑路，南至昆仑路，西至月牙河东路，北至兰峰道,F,T,F,F,天津市
118,天津,21,7,7,0,东丽区快速路（天钢）地块,东丽区快速路（天钢）地块,钢铁,钢铁,19,17,4,6,9,多环芳烃(苯并芘/苯并蒽/苯并萘等),多环芳烃,未知,未出让,X,商住用地,商住用地,0,房地产开发商,天津市海河建设发展投资有限公司,异位修复,未知,准备修复,1,1,,F,F,T,F,天津市
119,天津,21,8,8,0,天津石化聚醚部整体搬迁项目地块,天津石化聚醚部整体搬迁项目地块,石化,其他,29,2,9,5,6,其他挥发性有机物(氯仿/三氯乙烯/三氯甲烷/氟化物等);总石油烃(总石油烃/苯/甲苯/萘等）;多环芳烃(苯并芘/苯并蒽/苯并萘等),其他挥发性有机物;总石油烃;多环芳烃,450,未出让,X,未知,未知,2,原场地使用者,中国石油化工集团公司,未知,27300,正在修复,,,,F,T,T,F,天津市
120,天津,21,9,9,0,河西区郁江道（陈塘科技商务区）地块7号北侧地块,河西区郁江道（陈塘科技商务区）地块7号北侧地块,化工,化工,64,2,3,2,3,其他挥发性有机物(氯仿/三氯乙烯/三氯甲烷/氟化物等);砷,其他挥发性有机物;砷,未知,未出让,X,商住用地,商住用地,0,政府,河西区土地整理中心,未知,未知,准备修复,1,1,东至崇岩东路，南至浩江道，西至内江路，北至规划郁江道,T,T,F,F,天津市
121,天津,21,10,0,1,河西区郁江道（陈塘科技商务区）地块7号南侧地块,河西区郁江道（陈塘科技商务区）地块7号南侧地块,化工,化工,64,3,4,2,3,总石油烃(总石油烃/苯/甲苯/萘等）,总石油烃,未知,未出让,X,商住用地,商住用地,0,政府,河西区土地整理中心,未知,未知,准备修复,1,1,东至崇岩东路，南至双海道，西至内江路，北至浩江北道,F,T,F,F,天津市
122,天津,21,11,1,1,河西区（陈塘科技商务区）7号北及7号南地块内西侧界外处理用地,河西区（陈塘科技商务区）7号北及7号南地块内西侧界外处理用地,化工,化工,64,4,5,2,3,多环芳烃(苯并芘/苯并蒽/苯并萘等),多环芳烃,未知,未出让,X,商住用地,商住用地,0,政府,河西区土地整理中心,未知,未知,准备修复,1,1,东至7号地北侧及7号地南侧地块内，南至水文监测站，西至内江路，北至规划郁江道,F,F,T,F,天津市
123,天津,21,12,2,1,北辰区高峰路（天重三期）地块 ,北辰区高峰路（天重三期）地块 ,机械制造,机械制造,16,14,1,8,13,多环芳烃(苯并芘/苯并蒽/苯并萘等);总石油烃(总石油烃/苯/甲苯/萘等）;其他重金属(镉/锑/鎶/铍/钡/锰),多环芳烃,未知,未出让,X,未知,未知,2,未知,未知,未知,未知,准备修复,1,1,,T,T,T,F,天津市
124,天津,21,13,3,1,河西区洞庭路复兴九里南侧地块,河西区洞庭路复兴九里南侧地块,化工,化工,64,5,6,2,3,总石油烃(总石油烃/苯/甲苯/萘等）;其他污染物(氨/pH/二硫化碳/氰化物等),总石油烃;其他污染物,未知,未出让,X,绿地,绿地,3,国资委下属资产管理企业,海河建设发展投资有限公司,异位修复,41000,准备修复,1,0,,F,T,F,T,天津市
125,天津,21,14,4,1,河北区建昌道铝品厂地块 ,河北区建昌道铝品厂地块 ,冶炼,冶炼,6,4,4,10,15,其他挥发性有机物(氯仿/三氯乙烯/三氯甲烷/氟化物等);总石油烃(总石油烃/苯/甲苯/萘等）;多环芳烃(苯并芘/苯并蒽/苯并萘等),其他挥发性有机物;总石油烃;多环芳烃,未知,未出让,X,学校,学校,4,未知,未知,未知,未知,准备修复,1,0,河北区建昌道和小红星路交叉口东侧,F,T,T,F,天津市
126,天津,21,15,5,1,西青区化学试剂一厂地块,西青区化学试剂一厂地块,化工,化工,64,6,7,2,3,其他半挥发性有机物(苯酚/苯胺/多氯联苯）;总石油烃(总石油烃/苯/甲苯/萘等）;其他挥发性有机物(氯仿/三氯乙烯/三氯甲烷/氟化物等),其他半挥发性有机物;总石油烃;其他挥发性有机物,810,未出让,X,商住用地,商住用地,0,未知,未知,未知,未知,准备修复,1,0,,F,T,T,F,天津市
127,天津,21,16,6,1,天津市化工危险品贸易储运公司原址,天津市化工危险品贸易储运公司原址,化工,化工,64,7,8,2,3,砷;有机农药(六六六/滴滴涕等);多环芳烃(苯并芘/苯并蒽/苯并萘等),砷;有机农药;多环芳烃,未知,未出让,X,未知,未知,2,未知,未知,未知,未知,准备修复,,,,T,F,T,F,天津市
128,天津,21,17,7,1,河西区郁江道陈塘科技商务区商务区内江路和双海道交口公交首末站和水文监测站地块 ,河西区郁江道陈塘科技商务区商务区内江路和双海道交口公交首末站和水文监测站地块 ,未知,未知,19,17,4,7,11,其他半挥发性有机物(苯酚/苯胺/多氯联苯）;其他挥发性有机物(氯仿/三氯乙烯/三氯甲烷/氟化物等),其他半挥发性有机物;其他挥发性有机物,未知,未知,X,未知,未知,2,政府,河西区土地整理中心,未知,未知,准备修复,,,,F,T,T,F,天津市
129,天津,21,18,8,1,天津市北辰区荣国路（安康）地块,天津市北辰区荣国路（安康）地块,固废处理,其他,29,3,10,5,6,其他污染物(氨/pH/二硫化碳/氰化物等),其他污染物,未知,未出让,X,商住用地,商住用地,0,政府,天津市北辰区土地整理中心,未知,未知,准备修复,1,1,,F,F,,T,天津市
130,天津,21,19,9,1,河东区成林道天药集团地块  ,河东区成林道天药集团地块  ,制药,制药,11,9,9,9,14,其他挥发性有机物(氯仿/三氯乙烯/三氯甲烷/氟化物等);总石油烃(总石油烃/苯/甲苯/萘等）,其他挥发性有机物;总石油烃,未知,未知,X,未知,未知,2,未知,未知,未知,未知,准备修复,,,,F,T,F,F,天津市
131,天津,21,20,0,2,河西区光大冰峰化工有限公司地块,河西区光大冰峰化工有限公司地块,化工,化工,64,8,9,2,3,总石油烃(总石油烃/苯/甲苯/萘等）,总石油烃,30,未出让,X,绿地,绿地,3,国资委下属资产管理企业,天津市地下铁道有限公司,未知,未知,准备修复,,,,F,T,F,F,天津市
132,北京,7,0,,,北京市朝阳区双桥电镀厂原址场地,北京市朝阳区双桥电镀厂原址场地,电镀,电镀,5,0,0,11,16,铬(总铬和六价铬);镍,铬,100,未出让,X,商住用地,商住用地,0,房地产开发商,弘如视界（北京）投资有限公司,原地异位修复,未知,未知,1,1,朝阳区双桥镇,T,F,F,F,北京市
133,北京,7,1,,,高立庄油库项目场地,高立庄油库项目场地,石化,其他,29,0,0,4,5,汞;其他半挥发性有机物(苯酚/苯胺/多氯联苯）;总石油烃(总石油烃/苯/甲苯/萘等）;铬(总铬和六价铬);其他挥发性有机物(氯仿/三氯乙烯/三氯甲烷/氟化物等),汞;其他半挥发性有机物;总石油烃;铬;其他挥发性有机物,未知,未出让,X,商住用地,商住用地,0,原场地使用者,中国石化集团,原地异位修复,816,未知,1,1,丰台区高立庄村403号,T,T,T,F,北京市
134,北京,7,2,,,首钢园区脱硫车间及周边道路场地,首钢园区脱硫车间及周边道路场地,钢铁,钢铁,19,0,0,6,8,未知,未知,未知,未出让,X,商住用地,商住用地,0,原场地使用者,首都钢铁集团有限公司,未知,未知,未知,1,1,首钢石景山主厂区,NA,NA,NA,NA,北京市
135,北京,7,3,,,世界侨商创新中心一期项目及周边道路场地,世界侨商创新中心一期项目及周边道路场地,钢铁,钢铁,19,1,1,6,8,多环芳烃(苯并芘/苯并蒽/苯并萘等),多环芳烃,未知,未出让,X,商住用地,商住用地,0,原场地使用者,首都钢铁集团有限公司,未知,未知,未知,1,1,首钢石景山主厂区,F,F,T,F,北京市
136,北京,7,4,,,首钢园区冬季奥运会冰上项目训练中心场地,首钢园区冬季奥运会冰上项目训练中心场地,钢铁,钢铁,19,2,2,6,8,铅;镍;砷;多环芳烃(苯并芘/苯并蒽/苯并萘等);其他重金属(镉/锑/鎶/铍/钡/锰),铅;镍;砷;多环芳烃;其他重金属,60,未出让,X,文体用地,其他,5,原场地使用者,首都钢铁集团有限公司,异位修复,1414,未知,1,1,首钢石景山主厂区,T,F,T,F,北京市
137,北京,7,5,,,首钢园区五一剧场（制粉车间）改造项目地块,首钢园区五一剧场（制粉车间）改造项目地块,钢铁,钢铁,19,3,3,6,8,多环芳烃(苯并芘/苯并蒽/苯并萘等),多环芳烃,125,未出让,X,公共设施、文体用地、绿地,公共设施综合,7,原场地使用者,首都钢铁集团有限公司,异位修复,2018,未知,1,1,首钢石景山主厂区,F,F,T,F,北京市
138,北京,7,6,,,北京大峪化工厂原址地块,北京大峪化工厂原址地块,化工,化工,64,0,0,0,0,砷,砷,90,未出让,X,商住用地,商住用地,0,房地产开发商,中合联宇房地产开发有限公司,异位修复,100,未知,1,1,北京市门头沟区新桥南大街67号,T,F,F,F,北京市
139,长春,1,0,,,原热电一厂厂,原热电一厂厂,电力,其他,29,5,12,5,6,砷;汞,砷;汞,390,未知,X,商住用地,商住用地,0,房地产开发商,长春市长发置业有限公司,未知,15715,已修复,,,宽城区铁北二路31号（宽城区北四条以西，九台路以东，铁北二路以北，台北大街以南）,T,F,F,F,甘肃省
140,兰州,4,0,,,西固区大红沟红矾钠厂及其周边污染地块,西固区大红沟红矾钠厂及其周边污染地块,化工,化工,64,18,5,0,1,铬(总铬和六价铬),铬,480,未出让,X,未知,未知,2,政府,兰州市西固区环境保护局,异位修复,4996.21,未知,1,0,,T,F,F,F,甘肃省
141,兰州,4,1,,,兰州市自来水管线周边地下水和土壤污染地块,兰州市自来水管线周边地下水和土壤污染地块,污水处理,其他,29,12,12,4,5,总石油烃(总石油烃/苯/甲苯/萘等）;其他挥发性有机物(氯仿/三氯乙烯/三氯甲烷/氟化物等),总石油烃;其他挥发性有机物,720,未出让,X,未知,未知,2,原场地使用者,中国石油兰州石化公司,异位修复,10897.05,未知,0,0,,F,T,F,F,甘肃省
142,兰州,4,2,,,永登县永青化工厂场地土壤污染地块,永登县永青化工厂场地土壤污染地块,化工,化工,64,19,6,0,1,铬(总铬和六价铬),铬,未知,未出让,X,未知,未知,2,政府,永登县上川镇人民政府,未知,300,未知,0,0,,T,F,F,F,甘肃省
143,兰州,4,3,,,皋兰县石青村黄金尾矿砂污染地块,皋兰县石青村黄金尾矿砂污染地块,采矿,其他,29,13,0,4,6,其他污染物(氨/pH/二硫化碳/氰化物等),其他污染物,未知,未出让,X,未知,未知,2,未知,未知,未知,未知,未知,,,,F,F,,T,甘肃省
144,西宁,2,0,,,原湟中鑫飞化工珞盐厂污染场地,原湟中鑫飞化工珞盐厂污染场地,化工,化工,64,18,6,2,4,铬(总铬和六价铬),铬,360,未出让,X,未知,未知,2,国资委下属资产管理企业,西宁市湟水投资管理有限公司,未知,未知,未知,1,0,湟中县田家寨谢家村,T,F,F,F,宁夏回族自治区
145,西宁,2,1,,,原中星化工有限公司关停企业污染场地,原中星化工有限公司关停企业污染场地,化工,化工,64,19,7,2,4,铬(总铬和六价铬),铬,90,未知,X,未知,未知,2,国资委下属资产管理企业,西宁市湟水投资管理有限公司,未知,未知,未知,0,0,西宁市城东区八一东路5号,T,F,F,F,宁夏回族自治区
146,重庆,17,0,0,3,重庆顺安爆破器材有限公司（845厂）原址,重庆顺安爆破器材有限公司（845厂）原址,特种制造,其他,29,5,5,4,5,铬(总铬和六价铬),铬,未知,未知,X,未知,未知,2,未知,重庆市能源投资集团有限公司,未知,未知,已修复,,,,T,F,F,F,重庆市
147,重庆,17,1,1,3,中船重工重庆液压机电有限公司原址,中船重工重庆液压机电有限公司原址,机械制造,机械制造,16,0,0,8,12,锌;总石油烃(总石油烃/苯/甲苯/萘等）;铜;铬(总铬和六价铬);镍;其他重金属(镉/锑/鎶/铍/钡/锰),锌;总石油烃;铜;铬;镍;其他重金属,未知,未知,X,未知,未知,2,原场地使用者,重庆中船重工置业有限公司,未知,未知,已修复,,,,T,T,F,F,重庆市
148,重庆,17,2,2,3,重庆滩子口五洲地块（大杨石组团W分区W01-3-2/05、W01-10/04地块）,重庆滩子口五洲地块（大杨石组团W分区W01-3-2/05、W01-10/04地块）,机械制造,机械制造,16,1,1,8,12,铜;铅;总石油烃(总石油烃/苯/甲苯/萘等）,铜;铅;总石油烃,60,已出让,1.4,绿地、公共设施、商住用地,商住综合,1,房地产开发商,重庆观江置业有限公司,未知,321.4,正在修复,1,1,,T,T,F,F,重庆市
149,重庆,17,3,3,3,重庆第二起重机厂原址,重庆第二起重机厂原址,机械制造,机械制造,16,2,2,8,12,总石油烃(总石油烃/苯/甲苯/萘等）;多环芳烃(苯并芘/苯并蒽/苯并萘等),总石油烃;多环芳烃,未知,未知,X,未知,未知,2,未知,未知,未知,未知,已修复,,,,F,T,T,F,重庆市
150,重庆,17,4,4,3,沙坪坝组团A分区A03-10/02、A03-11/02地块,沙坪坝组团A分区A03-10/02、A03-11/02地块,未知,未知,19,0,0,7,10,铬(总铬和六价铬);多环芳烃(苯并芘/苯并蒽/苯并萘等);总石油烃(总石油烃/苯/甲苯/萘等）,铬,未知,已出让,3.097,商住用地,商住用地,0,未知,未知,未知,未知,正在修复,,,,T,T,T,F,重庆市
151,重庆,17,5,5,3,重庆市九龙橡胶制品制造有限公司原址,重庆市九龙橡胶制品制造有限公司原址,机械制造,机械制造,16,3,3,8,12,总石油烃(总石油烃/苯/甲苯/萘等）,总石油烃,180,未知,X,未知,未知,2,房地产开发商,重庆市九龙橡胶制品制造有限公司,未知,2500,已修复,0,0,,F,T,F,F,重庆市
152,重庆,17,6,6,3,重庆渝富兴南城市建设发展有限公司储备02号地块（含重庆市龙济化肥有限责任公司原址）,重庆渝富兴南城市建设发展有限公司储备02号地块（含重庆市龙济化肥有限责任公司原址）,化工,化工,64,4,4,0,0,砷;铜;多环芳烃(苯并芘/苯并蒽/苯并萘等);总石油烃(总石油烃/苯/甲苯/萘等）,砷;铜;多环芳烃;总石油烃,365,未出让,,商住用地,商住用地,0,原场地使用者,重庆渝富兴南城市建设发展有限公司,异位修复,未知,正在修复,1,0,,T,T,T,F,重庆市
153,重庆,17,7,7,3,中国四联仪器仪表集团有限公司原址,中国四联仪器仪表集团有限公司原址,机械制造,机械制造,16,4,4,8,12,铅,铅,未知,未知,X,未知,未知,2,未知,未知,未知,未知,已修复,,,,T,F,F,F,重庆市
154,重庆,17,8,8,3,重庆嘉溢华科技实业有限公司原址,重庆嘉溢华科技实业有限公司原址,制药,制药,11,0,0,9,14,其他污染物(氨/pH/二硫化碳/氰化物等);镍;总石油烃(总石油烃/苯/甲苯/萘等）;多环芳烃(苯并芘/苯并蒽/苯并萘等),其他污染物;镍;总石油烃;多环芳烃,未知,未出让,X,商住用地、学校,商住综合,1,原场地使用者,重庆嘉溢华科技实业有限公司,原位修复；异位修复,未知,暂未开展治理修复,1,0,,T,T,T,T,重庆市
155,重庆,17,9,9,3,玉清寺新增储备片区原址,玉清寺新增储备片区原址,未知,未知,19,1,1,7,10,铜;其他重金属(镉/锑/鎶/铍/钡/锰);铅,铜;其他重金属;铅,未知,未出让,X,商住用地、文体用地,商住综合,1,政府,重庆市九龙坡区土储中心,未知,458,暂未开展治理修复,,,,T,F,F,F,重庆市
156,重庆,17,10,0,4,秀山县溶溪瑞兴电解金属锰厂原址,秀山县溶溪瑞兴电解金属锰厂原址,冶炼,冶炼,6,0,0,10,15,铜;铬(总铬和六价铬);铅;其他重金属(镉/锑/鎶/铍/钡/锰);砷,铜;铬;铅;其他重金属;砷,120,未出让,X,工业用地,工业用地,5,原场地使用者,秀山县溶溪瑞兴电解金属锰厂,原位修复,500,准备修复,1,0,,T,F,F,F,重庆市
157,重庆,17,11,1,4,重庆汽车消声器厂和重庆东京散热器有限公司原址,重庆汽车消声器厂和重庆东京散热器有限公司原址,机械制造,机械制造,16,5,5,8,12,多环芳烃(苯并芘/苯并蒽/苯并萘等),多环芳烃,150,未知,X,商住用地、学校,商住综合,1,未知,未知,异位修复,未知,正在修复,1,0,,F,F,T,F,重庆市
158,重庆,17,12,2,4,重庆江电电力设备有限公司原址,重庆江电电力设备有限公司原址,电力,其他,29,6,6,4,5,锌,锌,54,未出让,X,未知,未知,2,原场地使用者,重庆江电电力设备有限公司,异位修复,未知,正在修复,1,0,,T,F,F,F,重庆市
159,重庆,17,13,3,4,渝北区大石坝组团B标准分区B27-1号地块,渝北区大石坝组团B标准分区B27-1号地块,机械制造,机械制造,16,6,6,8,12,镍;总石油烃(总石油烃/苯/甲苯/萘等）;其他挥发性有机物(氯仿/三氯乙烯/三氯甲烷/氟化物等),镍;总石油烃;其他挥发性有机物,20,已出让,8.72,商住用地,商住用地,0,政府,土地储备单位重庆临空都市基础设施建设运营有限公司,异位修复,100,已修复,1,1,,T,T,F,F,重庆市
160,重庆,17,14,4,4,重庆钢铁集团耐火材料有限责任公司原址,重庆钢铁集团耐火材料有限责任公司原址,钢铁,钢铁,19,5,5,6,8,砷,砷,120,未知,X,未知,未知,2,房地产开发商,重庆渝富土地开发经营有限公司,原位修复,964.45,暂未开展治理修复,1,0,,T,F,F,F,重庆市
161,重庆,17,15,5,4,重庆铝制品厂片区,重庆铝制品厂片区,冶炼,冶炼,6,1,1,10,15,铜;其他重金属(镉/锑/鎶/铍/钡/锰);多环芳烃(苯并芘/苯并蒽/苯并萘等);镍;铅;总石油烃(总石油烃/苯/甲苯/萘等）,铜;其他重金属;多环芳烃;镍;铅;总石油烃,120,未出让,,商住用地,商住用地,0,政府,九龙坡区土地整治储备中心,异位修复,170,正在修复,1,0,,T,T,T,F,重庆市
162,重庆,17,16,6,4,重庆新华化工有限公司、重庆市万利来化工股份有限公司原址,重庆新华化工有限公司、重庆市万利来化工股份有限公司原址,化工,化工,64,5,5,0,0,汞;总石油烃(总石油烃/苯/甲苯/萘等）;砷,汞;总石油烃;砷,270,未知,X,未知,未知,2,国资委下属资产管理企业,重庆市潼南水务（集团）有限公司,异位修复,4800,准备修复,1,0,,T,T,F,F,重庆市
163,成都,9,0,0,16,成都市千瑞达制革有限责任公司,成都市千瑞达制革有限责任公司,制革,其他,29,1,1,4,5,铬(总铬和六价铬),铬,未开始,未出让,X,未知,未知,2,未知,未知,未知,未知,场地土壤环境评估中,,,四川省成都市崇州市,T,F,F,F,四川省
164,成都,9,1,1,16,都江堰市红星电镀厂,都江堰市红星电镀厂,电镀,电镀,5,1,1,11,16,其他挥发性有机物(氯仿/三氯乙烯/三氯甲烷/氟化物等);总石油烃(总石油烃/苯/甲苯/萘等）,其他挥发性有机物;总石油烃,未开始,未出让,X,未知,未知,2,未知,未知,未知,未知,场地土壤环境评估中,,,四川省成都市都江堰市,F,T,F,F,四川省
165,成都,9,2,2,16,华福润滑油厂废旧场地,华福润滑油厂废旧场地,石化,其他,29,2,2,4,5,总石油烃(总石油烃/苯/甲苯/萘等）,总石油烃,未开始,未出让,X,未知,未知,2,未知,未知,未知,未知,场地土壤环境评估中,,,四川省成都市蒲江县,F,T,F,F,四川省
166,成都,9,3,3,16,川化集团有限责任公司,川化集团有限责任公司,化工,化工,64,1,1,0,0,其他污染物(氨/pH/二硫化碳/氰化物等),其他污染物,未开始,未出让,X,未知,未知,2,未知,未知,未知,未知,场地土壤环境评估中,,,四川省成都市青白江区,NA,NA,NA,NA,四川省
167,成都,9,4,4,16,邛崃市旭日化工有限责任公司,邛崃市旭日化工有限责任公司,化工,化工,64,2,2,0,0,未知,未知,未开始,未出让,X,未知,未知,2,未知,未知,未知,未知,场地土壤环境评估中,,,四川省成都市邛崃市,NA,NA,NA,NA,四川省
168,成都,9,5,5,16,首钢贵钢老区棚户区改造项目,首钢贵钢老区棚户区改造项目,钢铁,钢铁,19,4,4,6,8,其他重金属(镉/锑/鎶/铍/钡/锰),其他重金属,720,未出让,,商住用地,商住用地,0,房地产开发商,贵阳首钢房地产有限公司,异位修复,43900,已修复,1（环境影响报告书）,1,贵阳市南明区富源路,T,F,F,F,四川省
169,成都,9,6,6,16,原贵州水晶有机化工（集团）有限公司汞法醋酸车间,原贵州水晶有机化工（集团）有限公司汞法醋酸车间,化工,化工,64,3,3,0,0,汞,汞,未开始,未出让,X,未知,未知,2,未知,未知,未知,未知,场地土壤环境评估中,0,0,清镇市青龙村,T,F,F,F,四川省
170,成都,9,7,7,16,贵州轮胎股份有限公司橡胶分公司,贵州轮胎股份有限公司橡胶分公司,轮胎,其他,29,3,3,4,5,未知,未知,未开始,未知,,商住用地,商住用地,0,未知,未知,未知,未知,场地土壤环境评估中,,,贵阳市百花大道50号,NA,NA,NA,NA,四川省
171,成都,9,8,8,16,贵阳市花溪区浪风关垃圾填埋场,贵阳市花溪区浪风关垃圾填埋场,垃圾填埋场,其他,29,4,4,4,5,铜;铬(总铬和六价铬);其他重金属(镉/锑/鎶/铍/钡/锰),铜;铬;其他重金属,未开始,未出让,X,商住用地,商住用地,0,未知,未知,原位修复,未知,场地土壤环境评估中,1,1,花溪区贵筑社区云上村,T,F,F,F,四川省
172,南宁,1,0,,,南宁化工股份有限公司及南宁化工集团有限公司搬迁地块,南宁化工股份有限公司及南宁化工集团有限公司搬迁地块,化工,化工,64,4,11,1,1,其他挥发性有机物(氯仿/三氯乙烯/三氯甲烷/氟化物等);其他重金属(镉/锑/鎶/铍/钡/锰),其他挥发性有机物;其他重金属,180,未出让,X,商住用地,商住用地,0,原场地使用者,南宁化工集团,异位修复,20000,正在修复,1,1,南宁市江南区南建路26号,T,T,F,F,广西壮族自治区
173,乌鲁木齐,2,0,,,昊鑫锂盐厂,昊鑫锂盐厂,化工,化工,64,9,10,2,3,多环芳烃(苯并芘/苯并蒽/苯并萘等),多环芳烃,未开始,未出让,X,未知,未知,2,原场地使用者,新疆昊鑫锂盐开发有限公司,未知,未知,场地土壤环境评估中,0,0,,F,F,T,F,新疆维吾尔自治区
174,乌鲁木齐,2,1,,,乌石化污水库,乌石化污水库,石化,其他,29,4,11,5,6,未知,未知,240,未出让,X,未知,未知,2,政府,甘泉堡经济技术开发区环保局,原位修复,未知,已修复,1,0,,NA,NA,NA,NA,新疆维吾尔自治区